Test_variables,mem,mixed,motor
mem,0.9166666666666666,0.5833333333333334,0.3333333333333333
mixed,0.4166666666666667,1.0,0.16666666666666666
motor,0.8333333333333334,1.0,1.0
