Test_variables,mem,mixed,motor
mem,1.0,0.75,0.16666666666666666
mixed,0.5,1.0,0.16666666666666666
motor,0.4166666666666667,0.4166666666666667,1.0
