Test_variables,mem,mixed,motor
mem,1.0,0.5833333333333334,0.4166666666666667
mixed,0.8333333333333334,1.0,0.5833333333333334
motor,0.8333333333333334,1.0,1.0
