Test_variables,mem,mixed,motor
mem,1.0,0.6666666666666666,0.3333333333333333
mixed,0.4166666666666667,1.0,0.4166666666666667
motor,0.8333333333333334,1.0,1.0
