Test_variables,mem,mixed,motor
mem,1.0,0.8333333333333334,0.4166666666666667
mixed,0.5,0.9166666666666666,0.25
motor,0.8333333333333334,0.8333333333333334,1.0
