Test_Variable,Mean,Std
mem,0.6354166666666667,0.2916666666666667
mixed,0.47395833333333337,0.24667933526026142
motor,0.765625,0.20004339806929672
