Test_Variable,Mean,Std
mem,0.984375,0.028931878117892232
mixed,0.9765625,0.032346823094172854
motor,0.9765625,0.032346823094172854
