,Mean,Std
mixed,0.9125000000000001,0.07905694150420949
motor,0.95625,0.041726148019814
mem,0.9187500000000001,0.08838834764831845
