mem,mixed,motor
0,1,0.0555555555555556
0.833333333333333,0,0.0555555555555556
0.833333333333333,1,0
