mem,mixed,motor
1,0.583333333333333,0.944444444444444
