mem,mixed,motor
0,0.972222222222222,0.0555555555555556
1,0,0.0555555555555556
1,0.972222222222222,0
