mem,mixed,motor
0,0.583333333333333,0.944444444444444
1,0,0.944444444444444
1,0.583333333333333,0
