mem,glass,sem,motor
100,98.3333333333333,96.6666666666667,96.6666666666667
