mem,mixed,motor
0,1,1
0.861111111111111,0,1
0.861111111111111,1,0
