mem,mixed,motor
1,0.972222222222222,0.0555555555555556
