mem,mixed,motor
0.611111111111111,0.0277777777777778,0
