mem,mixed,motor
0,0.0277777777777778,0
1,0,0
1,0.0277777777777778,0
