mem,mixed,motor
0,0.666666666666667,0.888888888888889
