mem,mixed,motor
0.583333333333333,0.972222222222222,0.5
