mem,mixed,motor
0.833333333333333,1,0.0555555555555556
