mem,mixed,motor
0,0.5,1
0.638888888888889,0,1
0.638888888888889,0.5,0
