,test_task,train_task,Mean,Std
0,mem,mixed,0.7593749999999999,0.07589642848739886
1,mem,motor,0.6523958333333333,0.09351938861636194
2,mixed,mem,0.7170312500000001,0.07157019999123738
3,mixed,motor,0.6378472222222222,0.09011477959181746
4,motor,mem,0.6156770833333333,0.1322247531583
5,motor,mixed,0.6318055555555556,0.11881088896587162
