sub,mixed,motor,mem
MSC01,0.8,0.95,0.8
MSC02,0.75,0.85,0.7
MSC03,0.75,0.9,0.6666666666666666
MSC04,0.75,0.8,0.7
MSC05,0.6,0.95,0.9
MSC06,0.65,0.8703703703703703,0.8
MSC07,0.65,0.7407407407407407,0.9
MSC10,0.9,0.8,0.7
