,Mean,Std
mixed,0.8249999999999998,0.09999999999999996
motor,0.8624999999999999,0.07905694150420947
mem,0.81875,0.05303300858899106
