,Mean,Std
mixed,0.95625,0.041726148019814
motor,0.95625,0.032043497223082786
mem,0.9500000000000001,0.04629100498862756
