,test_task,train_task,Mean,Std
0,mem,mixed,0.6355357142857146,0.11403619270544443
1,mem,motor,0.5648214285714285,0.0893662753438408
2,mixed,mem,0.6011607142857144,0.11209164704679087
3,mixed,motor,0.5387500000000001,0.06591489002700927
4,motor,mem,0.6025892857142857,0.1283142133111618
5,motor,mixed,0.6203571428571427,0.12882637061655414
