,Mean,Std
mixed,0.9000000000000001,0.046291004988627545
motor,0.9013888888888889,0.10447441312702518
mem,0.9265625,0.06762471943432688
