,test_task,train_task,Mean,Std
0,mem,mixed,0.5372544642857143,0.09235843578973159
1,mem,motor,0.4937946428571428,0.08877331939073896
2,mixed,mem,0.5378794642857142,0.0855845274763152
3,mixed,motor,0.5165873015873014,0.09915187075606194
4,motor,mem,0.5163988095238096,0.08072886206477936
5,motor,mixed,0.5275793650793649,0.10782423389973803
