,Mean,Std
mixed,0.79375,0.0678101340930269
motor,0.8868055555555555,0.07375883649569923
mem,0.8312499999999999,0.05938674695827104
