task,Mean,Std
mem,0.4838839285714286,0.10216566275468435
mixed,0.6168750000000002,0.10950949522965826
motor,0.5489880952380953,0.10431053858146616
