,test_task,train_task,Mean,Std
0,mem,mixed,0.621875,0.11735944204180437
1,mem,motor,0.5719642857142857,0.08395170999086086
2,mixed,mem,0.6086607142857143,0.11995260833659784
3,mixed,motor,0.5416071428571431,0.08535011925675824
4,motor,mem,0.6158035714285715,0.13583672279520093
5,motor,mixed,0.6120535714285716,0.1293402025165145
