task,Mean,Std
mem,0.6712946428571429,0.22399839745339323
mixed,0.6827678571428571,0.23283806242040483
motor,0.8035714285714286,0.24640269015229055
