,test_task,train_task,Mean,Std
0,mem,mixed,0.5968749999999999,0.1264068557548133
1,mem,motor,0.6278571428571429,0.13640133677983027
2,mixed,mem,0.6241964285714288,0.15184554588526727
3,mixed,motor,0.5948214285714285,0.10781703477193662
4,motor,mem,0.7104464285714284,0.13075750208171363
5,motor,mixed,0.6199107142857143,0.12374273558633493
