task,Mean,Std
mem,0.8753571428571426,0.08918753043119641
mixed,0.6903571428571428,0.1244948233420211
motor,0.824732142857143,0.13600608155806568
