task,Mean,Std
mem,0.8327678571428571,0.09337081324607686
mixed,0.7233928571428573,0.13124268687108953
motor,0.8025892857142859,0.1292776823579544
