task,Mean,Std
mem,0.6751785714285716,0.15241380361524845
mixed,0.612767857142857,0.11897639048780434
motor,0.7563392857142858,0.1512207629786471
