,MSC01,MSC02,MSC03,MSC04,MSC05,MSC06,MSC07,MSC10
0,0.5,1.0,0.6666666666666666,1.0,1.0,1.0,1.0,0.5
1,0.5,1.0,0.6666666666666666,0.5,1.0,0.5,1.0,0.5
2,0.5,1.0,0.5,1.0,1.0,1.0,0.0,0.5
3,0.5,1.0,1.0,1.0,1.0,1.0,1.0,1.0
4,0.5,1.0,0.5,0.5,1.0,0.5,1.0,0.5
5,0.5,1.0,1.0,1.0,1.0,1.0,1.0,1.0
6,1.0,0.5,0.5,1.0,1.0,0.5,1.0,0.5
7,1.0,0.5,1.0,1.0,1.0,0.5,1.0,0.5
8,1.0,1.0,,1.0,1.0,1.0,1.0,0.5
9,1.0,1.0,,0.5,1.0,0.5,1.0,1.0
