,Mean,Std
mixed,0.825,0.1164964745021435
motor,0.9106481481481482,0.05972657996488156
mem,0.8098958333333335,0.1205546354931609
