task,Mean,Std
mem,0.7045535714285712,0.13467562641639858
mixed,0.6400892857142856,0.1358324203884015
motor,0.7806250000000003,0.12015922201963371
