task,Mean,Std
mem,0.8241071428571428,0.13336589158762086
mixed,0.6210714285714285,0.12103611138722302
motor,0.772142857142857,0.15039601403947198
