task,Mean,Std
mem,0.8361607142857143,0.12556414902144847
mixed,0.6210714285714285,0.12103611138722302
motor,0.8026785714285715,0.14733685672855026
