,test_task,train_task,Mean,Std
0,mem,mixed,0.9175,0.0734360752141422
1,mem,motor,0.69625,0.13381090068771356
2,mixed,mem,0.8218749999999999,0.1269684297093461
3,mixed,motor,0.639375,0.08780813092842184
4,motor,mem,0.874375,0.10125771575539322
5,motor,mixed,0.8825,0.11457997830586036
