,Mean,Std
mixed,0.9062500000000001,0.07763237542601485
motor,0.95625,0.041726148019814
mem,0.9375,0.06943650748294133
