task,Mean,Std
mem,0.48749999999999993,0.09244162777371756
mixed,0.6138392857142858,0.10999996310507054
motor,0.5435714285714287,0.10719868675295628
