,Mean,Std
mixed,0.9000000000000001,0.046291004988627545
motor,0.9125,0.06408699444616556
mem,0.9375,0.05175491695067656
