,Mean,Std
mixed,0.8,0.10350983390135315
motor,0.8375,0.08345229603962802
mem,0.78125,0.15103807466993213
