,Mean,Std
mixed,0.9500000000000001,0.037796447300922714
motor,0.9875,0.023145502494313807
mem,0.9812500000000001,0.02587745847533831
