,test_task,train_task,Mean,Std
0,mem,mixed,0.6099107142857142,0.12702716628353944
1,mem,motor,0.6211607142857142,0.13216034019130138
2,mixed,mem,0.6183928571428573,0.15486389080519924
3,mixed,motor,0.5824107142857142,0.09682688897497137
4,motor,mem,0.7053571428571426,0.13393640669721216
5,motor,mixed,0.6327678571428571,0.12445488281760125
