,Mean,Std
mixed,0.97,0.02738612787525833
motor,0.9800000000000001,0.02738612787525833
mem,0.99,0.022360679774997918
