,Mean,Std
mixed,0.9812500000000001,0.02587745847533831
motor,0.9743055555555556,0.027528644693475435
mem,0.9859375,0.02625212576426636
