task,Mean,Std
mem,0.8576785714285714,0.0976727573710681
mixed,0.6852678571428571,0.11975133190702511
motor,0.8013392857142855,0.15444767007698043
