,Mean,Std
mixed,0.6437499999999999,0.1208230701716948
motor,0.6743055555555555,0.132501954995394
mem,0.6973958333333334,0.12745481419977206
