,Mean,Std
mixed,0.825,0.1164964745021435
motor,0.85,0.07071067811865474
mem,0.8312499999999998,0.059386746958271015
