,test_task,train_task,Mean,Std
0,mem,mixed,0.9150000000000001,0.06750661343263241
1,mem,motor,0.6737500000000001,0.11612031937360733
2,mixed,mem,0.82125,0.12406075700466866
3,mixed,motor,0.624375,0.08817342894221919
4,motor,mem,0.8925000000000001,0.10559356040971439
5,motor,mixed,0.893125,0.09319478449539366
