,test_task,train_task,Mean,Std
0,mem,mixed,0.7080357142857142,0.1586238505837819
1,mem,motor,0.6473214285714287,0.14123469920575557
2,mixed,mem,0.7875000000000002,0.13185736094872988
3,mixed,motor,0.6080357142857143,0.12386825322028303
4,motor,mem,0.8142857142857143,0.13905992354975003
5,motor,mixed,0.6955357142857143,0.15114014739917433
