,test_task,train_task,Mean,Std
0,mem,mixed,0.705357142857143,0.1491425710302276
1,mem,motor,0.6348214285714288,0.12646222679201405
2,mixed,mem,0.7741071428571429,0.13107633841966476
3,mixed,motor,0.5946428571428571,0.11428774348847873
4,motor,mem,0.8178571428571425,0.12700342566194867
5,motor,mixed,0.6946428571428572,0.13674082034290988
