task,Mean,Std
mem,0.8236111111111112,0.11687691492996628
mixed,0.7418884220354807,0.16452075944465253
motor,0.809453781512605,0.12869724267567986
