,Mean,Std
mixed,0.9684027777777778,0.039811546254416574
motor,0.99375,0.017677669529663705
mem,0.9454861111111111,0.05735070911487352
