,test_task,train_task,Mean,Std
0,mem,mixed,0.93390625,0.05988619228825391
1,mem,motor,0.6107812499999999,0.0959606911243944
2,mixed,mem,0.81359375,0.10824789155815324
3,mixed,motor,0.57,0.10344506674663209
4,motor,mem,0.8712326388888889,0.12343083513473886
5,motor,mixed,0.9199305555555556,0.08724038709848482
