task,Mean,Std
mem,0.7123214285714284,0.15157345739611863
mixed,0.6657142857142857,0.1306571800602581
motor,0.6897321428571429,0.15422952094158277
