task,Mean,Std
mem,0.7424999999999998,0.1514055361063008
mixed,0.6657142857142857,0.1306571800602581
motor,0.73125,0.15274533172452884
