,test_task,train_task,Mean,Std
0,pres1,pres2,0.853125,0.12423875344329102
1,pres1,pres3,0.7296874999999999,0.08502560013649671
2,pres2,pres1,0.790625,0.11014398044637495
3,pres2,pres3,0.78125,0.07989949043284679
4,pres3,pres1,0.7,0.14880476182856897
5,pres3,pres2,0.7421875,0.15739757156866904
