,test_task,train_task,Mean,Std
0,mem,mixed,0.85,0.1414213562373095
1,mem,motor,0.32499999999999996,0.2712405363721075
2,mixed,mem,0.675,0.24348657927227588
3,mixed,motor,0.175,0.19086270308410552
4,motor,mem,0.75,0.24494897427831783
5,motor,mixed,0.8124999999999999,0.18077215335491092
