,test_task,train_task,Mean,Std
0,mem,mixed,0.913125,0.06999681115185587
1,mem,motor,0.646875,0.1205919181134694
2,mixed,mem,0.8274999999999999,0.10970740305792616
3,mixed,motor,0.5881249999999999,0.1001761840815613
4,motor,mem,0.8725,0.12323033021831227
5,motor,mixed,0.901875,0.09892051282288654
