,Mean,Std
mixed,0.8,0.10350983390135315
motor,0.81875,0.09530131830064718
mem,0.7765625,0.14916995041610376
