,Mean,Std
mixed,0.95,0.03535533905932737
motor,0.9800000000000001,0.02738612787525833
mem,0.99,0.022360679774997918
