task,Mean,Std
mem,0.5506473214285713,0.1206803608409206
mixed,0.580267857142857,0.11815790529801884
motor,0.6635714285714285,0.09441234567356126
