,Mean,Std
mixed,0.9250000000000002,0.05976143046671966
motor,0.9812500000000001,0.03720119045714224
mem,0.9875,0.03535533905932737
