task,Mean,Std
mem,0.4994419642857144,0.08698580071001438
mixed,0.5126785714285712,0.10476364864742961
motor,0.6300584215167547,0.09638703631459832
