task,Mean,Std
mem,0.8795535714285715,0.10879203173408965
mixed,0.7041071428571427,0.12497311399168716
motor,0.7811607142857142,0.15424888704896433
