task,Mean,Std
mem,0.8554464285714282,0.12145061392754106
mixed,0.6786607142857143,0.12883213557123144
motor,0.7358928571428568,0.15244106802557902
