task,Mean,Std
mem,0.6798214285714285,0.13334495349797315
mixed,0.5958928571428571,0.10393226440531152
motor,0.6910714285714283,0.11782388354008508
