task,Mean,Std
mem,0.8851785714285713,0.09710333898254189
mixed,0.7065178571428573,0.12619220420690577
motor,0.7906250000000001,0.15093063578406418
