task,Mean,Std
mem,0.5801785714285714,0.13181586428773312
mixed,0.5130357142857144,0.09788062567800067
motor,0.5104464285714285,0.09743191928779756
