task,Mean,Std
mem,0.8834821428571431,0.10328653719741872
mixed,0.6942857142857142,0.1294584123163903
motor,0.7895535714285712,0.15953134997039492
