task,Mean,Std
mem,0.8613392857142858,0.11962247839625434
mixed,0.7074999999999999,0.1297410007388847
motor,0.803125,0.15559143029684572
