task,Mean,Std
mem,0.8857142857142856,0.10294936341994267
mixed,0.6998214285714282,0.12233695749376462
motor,0.7875,0.1579038833076513
