task,Mean,Std
mem,0.8601785714285716,0.11837522884959847
mixed,0.6943750000000001,0.12926035214389464
motor,0.7815178571428572,0.1492707108908849
