task,Mean,Std
mem,0.8956249999999998,0.09685069343160027
mixed,0.6931249999999997,0.1292902390325384
motor,0.7810714285714286,0.1566284378153199
