task,Mean,Std
mem,0.7090178571428571,0.11605413957153066
mixed,0.5980357142857142,0.10996560855528907
motor,0.7059821428571432,0.1424347367069537
