task,Mean,Std
mem,0.6392857142857142,0.11492854923199645
mixed,0.5553571428571428,0.09222924572083285
motor,0.678125,0.10221440256103387
