task,Mean,Std
mem,0.6091071428571428,0.12499493496231665
mixed,0.5561607142857143,0.11836381154354941
motor,0.5545535714285715,0.11719167200365814
