task,Mean,Std
mem,0.8707142857142857,0.10753616123902682
mixed,0.6704464285714284,0.13994244526594848
motor,0.7827678571428572,0.14072190384151012
