task,Mean,Std
mem,0.871607142857143,0.11170621836218082
mixed,0.6860714285714284,0.12047902226194732
motor,0.8039285714285719,0.14251224599921322
