task,Mean,Std
mem,0.8565178571428573,0.12218063989942829
mixed,0.7324999999999999,0.13060349431494062
motor,0.7951785714285714,0.1436155356426389
