task,Mean,Std
mem,0.8870535714285711,0.10071461384306868
mixed,0.6934821428571427,0.12632540823695668
motor,0.7887500000000002,0.15538003264723094
