task,Mean,Std
mem,0.7600892857142857,0.12290236728036152
mixed,0.6965178571428571,0.11865503721773829
motor,0.7522321428571429,0.1434348748097488
