task,Mean,Std
mem,0.6879464285714288,0.12387962186851277
mixed,0.5366071428571428,0.09274161144549135
motor,0.5507142857142856,0.1242008218807112
