task,Mean,Std
mem,0.8862500000000004,0.09775781763670316
mixed,0.70625,0.1295104418394693
motor,0.7905357142857145,0.13606040961622548
