task,Mean,Std
mem,0.7354464285714287,0.12835772734366704
mixed,0.6466964285714286,0.11315426632263138
motor,0.8008035714285715,0.12611242021493177
