task,Mean,Std
mem,0.8761607142857141,0.10249608006441725
mixed,0.6863392857142855,0.12189224403482023
motor,0.7855357142857143,0.1583427771164036
