task,Mean,Std
mem,0.8938392857142856,0.10182869336394236
mixed,0.6994642857142859,0.12887160125640407
motor,0.7966964285714285,0.15250119756821667
