task,Mean,Std
mem,0.8106249999999997,0.12261196182191274
mixed,0.6500000000000002,0.10966477846767225
motor,0.7646428571428571,0.1396419354272567
