task,Mean,Std
mem,0.8651785714285715,0.11550664792247119
mixed,0.6822321428571431,0.12713242788832133
motor,0.8099107142857145,0.13393516433988964
