task,Mean,Std
mem,0.5583035714285715,0.11493190389299023
mixed,0.5351785714285714,0.11227791932891865
motor,0.5644642857142855,0.12557749715696595
