task,Mean,Std
mem,0.5787500000000001,0.11259844177833499
mixed,0.5901785714285713,0.0878323003627537
motor,0.6250892857142855,0.12651442990436296
