task,Mean,Std
mem,0.8912500000000001,0.10316910213995097
mixed,0.7179464285714287,0.13005515188744937
motor,0.7885714285714286,0.1579347226653361
