task,Mean,Std
mem,0.8286607142857144,0.10065011887013069
mixed,0.6948214285714285,0.13205702723277715
motor,0.7759821428571428,0.1373992842473654
