task,Mean,Std
mem,0.8897321428571427,0.10437005684694134
mixed,0.6926785714285717,0.12732551085421062
motor,0.7955357142857142,0.1532635240107958
