task,Mean,Std
mem,0.8685714285714285,0.11436669209057444
mixed,0.7141964285714286,0.12238083920775669
motor,0.8135714285714286,0.1368333900163868
