task,Mean,Std
mem,0.7891071428571432,0.13188185878021538
mixed,0.6575892857142857,0.10954862378882706
motor,0.7456249999999998,0.13789014896582777
