task,Mean,Std
mem,0.5910714285714285,0.08736399448552899
mixed,0.5403571428571426,0.08982233546313495
motor,0.6042857142857143,0.11039362865108315
