task,Mean,Std
mem,0.8782142857142857,0.09833813914443165
mixed,0.6849999999999999,0.1288409872672512
motor,0.7860714285714284,0.1529786505773519
