task,Mean,Std
mem,0.8286607142857144,0.12203759134503886
mixed,0.6853571428571429,0.1103830402934055
motor,0.7806249999999998,0.1257091249309655
