task,Mean,Std
mem,0.7247321428571428,0.11508660629305195
mixed,0.5914285714285713,0.11255994074154561
motor,0.6416964285714286,0.12905698806663343
