task,Mean,Std
mem,0.6448214285714287,0.13617823977057783
mixed,0.616517857142857,0.10047125162252835
motor,0.6465178571428571,0.13795229624388655
