task,Mean,Std
mem,0.6475892857142858,0.11421666440835779
mixed,0.6068749999999999,0.1213655728480168
motor,0.6225892857142857,0.1259148019005801
