task,Mean,Std
mem,0.8909821428571428,0.11119360528889627
mixed,0.6992857142857145,0.1333669870948326
motor,0.7833035714285715,0.15898621091069584
