task,Mean,Std
mem,0.7093750000000003,0.12648414381401188
mixed,0.6088392857142857,0.10287234397953687
motor,0.6654464285714284,0.11986081619837338
