,Mean,Std
mixed,0.9753472222222223,0.02662022659266443
motor,0.99375,0.017677669529663705
mem,0.9454861111111111,0.05735070911487352
