,Mean,Std
mixed,0.65,0.1647508942095828
motor,0.6340277777777777,0.13063456838292903
mem,0.5348958333333335,0.13944222611749707
