task,Mean,Std
mem,0.6801785714285716,0.11289210168730417
mixed,0.6644642857142858,0.09334042567363329
motor,0.6491942239858907,0.10659981123070779
