task,Mean,Std
mem,0.7186607142857142,0.15029211275327842
mixed,0.67,0.12372991113344789
motor,0.6921428571428571,0.1524731187719722
