task,Mean,Std
mem,0.7476785714285716,0.15037518015016577
mixed,0.670357142857143,0.12336146865229823
motor,0.7288392857142856,0.14906981607600872
