task,Mean,Std
mem,0.83125,0.1003896030003724
mixed,0.8051003734827262,0.12937437834456827
motor,0.8619747899159664,0.11378812496795762
