,Mean,Std
mixed,0.9750000000000001,0.026726124191242463
motor,0.975,0.03779644730092272
mem,0.9750000000000001,0.03779644730092272
