sub,mixed,motor,mem
MSC01,1.0,1.0,0.95
MSC02,0.8,0.95,0.85
MSC03,0.65,0.85,0.9375
MSC04,0.8,1.0,0.95
MSC05,0.85,0.95,1.0
MSC06,0.85,0.8888888888888888,0.7
MSC07,0.65,0.9444444444444444,0.95
MSC10,0.75,1.0,0.85
