,Mean,Std
mixed,0.79375,0.11475906437899734
motor,0.9479166666666667,0.05507230296430219
mem,0.8984375,0.09553362814811787
