task,Mean,Std
mem,0.6561607142857143,0.1504840404447309
mixed,0.6250892857142858,0.11626963596207412
motor,0.7583035714285714,0.14047735755990354
