,test_task,train_task,Mean,Std
0,mem,mixed,0.8775000000000001,0.0904354544886652
1,mem,motor,0.6687500000000001,0.09425459443140463
2,mixed,mem,0.8243749999999999,0.07218218517849716
3,mixed,motor,0.623125,0.06198718185468441
4,motor,mem,0.8918750000000001,0.06989469119427356
5,motor,mixed,0.89375,0.10346669581491975
