mem,glass,sem,motor
98.3333333333333,96.6666666666667,96.6666666666667,98.3333333333333
