mem,glass,sem,motor
100,91.6666666666667,93.3333333333333,100
