task,Mean,Std
glass,0.6140277777777775,0.12397500064784882
mem,0.8241071428571428,0.13336589158762086
motor,0.772142857142857,0.15039601403947198
semantic,0.6539285714285714,0.13013180131807026
