,test_task,train_task,Mean,Std
0,mem,mixed,0.5469196428571428,0.0750314192846579
1,mem,motor,0.5641418650793649,0.07855429964824276
2,mixed,mem,0.5460937500000002,0.06350736468566599
3,mixed,motor,0.5449107142857144,0.07614047039625442
4,motor,mem,0.5773710317460318,0.08293219047082914
5,motor,mixed,0.5604861111111111,0.07576805104344814
