,test_task,train_task,Mean,Std
0,mem,mixed,0.771763392857143,0.14090631494045042
1,mem,motor,0.6274702380952382,0.10354302104434919
2,mixed,mem,0.6783035714285715,0.13733635480326883
3,mixed,motor,0.5815873015873017,0.09191426179633308
4,motor,mem,0.7380183531746031,0.13436435205919356
5,motor,mixed,0.7532242063492062,0.14422374046464168
