task,Mean,Std
glass,0.5409821428571427,0.09426471258621139
mem,0.5505357142857142,0.06945684449176515
motor,0.5514285714285715,0.10495329821017922
semantic,0.5840178571428571,0.10587050255707826
