task,Mean,Std
mem,0.594330357142857,0.12698312439009415
mixed,0.5425892857142857,0.06919006150011438
motor,0.7100485008818344,0.08884379445555535
