task,Mean,Std
mem,0.5494642857142857,0.071016506221048
mixed,0.5729464285714287,0.08989780453237031
motor,0.5514285714285715,0.10346591131959747
