,Mean,Std
mixed,0.8062499999999999,0.0942545944314046
motor,0.6875,0.16420805617960926
mem,0.6750000000000002,0.1439245834257849
