,Mean,Std
mixed,0.80625,0.09038607667745546
motor,0.68125,0.16243130416095466
mem,0.6625,0.13296078906418776
