task,Mean,Std
mem,0.551875,0.07658959400003963
mixed,0.5769642857142859,0.09254325068179334
motor,0.5426785714285713,0.10011794991960184
