,test_task,train_task,Mean,Std
0,mem,mixed,0.7108928571428573,0.14163688253243395
1,mem,motor,0.6595535714285713,0.12586889566570403
2,mixed,mem,0.7122321428571425,0.12252984661578711
3,mixed,motor,0.6250892857142859,0.10503458768610278
4,motor,mem,0.7392857142857144,0.12306475963871652
5,motor,mixed,0.705357142857143,0.12478657103906779
