task,Mean,Std
mem,0.4857142857142857,0.08847407720718165
mixed,0.6168750000000002,0.10950949522965826
motor,0.5517857142857143,0.10770932504337175
