task,Mean,Std
mem,0.6444419642857143,0.12443940649488285
mixed,0.6239285714285715,0.10837105570347515
motor,0.64282848324515,0.12887097711451934
