,Mean,Std
mixed,0.9625,0.03535533905932738
motor,0.9687500000000001,0.03720119045714226
mem,0.9750000000000001,0.026726124191242463
