,Mean,Std
mixed,0.9625,0.03535533905932738
motor,0.9750000000000001,0.03779644730092273
mem,0.96875,0.03720119045714225
