task,Mean,Std
mem,0.8687500000000001,0.0923395414169407
mixed,0.7194642857142858,0.12440285940673322
motor,0.869107142857143,0.0880759338858813
