Row,MSC01,MSC02,MSC04,MSC05
MSC01,0,0.508125,0.641875,0.93125
MSC02,0.5,0,0.663125,0.700625
MSC04,0.5,0.57625,0,0.875
MSC05,0.5225,0.584375,0.933125,0
