Row,MSC01,MSC02,MSC04,MSC05
MSC01,0,0,0.03375,0.47125
MSC02,0.63375,0,0.10125,0.46375
MSC04,0.2925,0,0,0.1225
MSC05,0.25125,0,0.00125,0
