,Mean,Std
mixed,0.96875,0.03720119045714225
motor,0.9812500000000001,0.02587745847533831
mem,0.9859375,0.02625212576426636
