,Mean,Std
mixed,0.9625,0.05175491695067657
motor,0.9673611111111112,0.04021958028682017
mem,0.9875,0.023145502494313807
