,Mean,Std
mixed,0.90625,0.056299581322980165
motor,0.9127314814814815,0.07586742810370171
mem,0.9046875000000001,0.09818384268445451
