,Mean,Std
mixed,0.7250000000000001,0.1647508942095828
motor,0.7361111111111113,0.08000097980979448
mem,0.7447916666666667,0.1495321739016257
