,Mean,Std
mixed,0.9625,0.04432026302139591
motor,0.9812500000000001,0.02587745847533831
mem,0.99375,0.017677669529663705
