,Mean,Std
mixed,0.93125,0.059386746958271015
motor,0.9659722222222222,0.058677180094520526
mem,0.9734375000000001,0.03920954466526158
