,Mean,Std
mixed,0.8375,0.06943650748294133
motor,0.7944444444444444,0.041254575931323895
mem,0.8276041666666667,0.11787085808845177
