,Mean,Std
mixed,0.94375,0.07763237542601484
motor,0.9555555555555556,0.032257780052224724
mem,0.9625000000000001,0.04432026302139591
