,Mean,Std
mixed,0.83125,0.09234059624177067
motor,0.7814814814814813,0.09369188707724714
mem,0.8588541666666666,0.08712896104725801
