,Mean,Std
mixed,0.9625,0.04432026302139591
motor,0.9618055555555556,0.044586825507299144
mem,0.9656250000000001,0.05164698165706989
