,Mean,Std
mixed,0.96875,0.03720119045714225
motor,0.9875,0.03535533905932736
mem,0.9796875,0.028298078556679443
