,Mean,Std
mixed,0.875,0.08864052604279182
motor,0.9064814814814816,0.05175728337654598
mem,0.8968750000000001,0.06041153508584737
