,Mean,Std
mixed,0.9500000000000001,0.05345224838248488
motor,0.9875,0.023145502494313807
mem,0.9859375,0.026252125764266363
