,Mean,Std
mixed,0.9625,0.05175491695067658
motor,0.9743055555555556,0.027528644693475435
mem,0.9796875,0.028298078556679443
