,Mean,Std
mixed,0.8312499999999999,0.11319231422671772
motor,0.9222222222222224,0.055157302710774785
mem,0.8734375000000001,0.09220452324665451
