,Mean,Std
mixed,0.9687500000000001,0.03720119045714225
motor,0.9743055555555556,0.027528644693475435
mem,0.9921875,0.02209708691207961
