,Mean,Std
mixed,0.8875,0.05824823725107175
motor,0.8763888888888889,0.07063269124357648
mem,0.9171874999999999,0.10710006585965695
