,Mean,Std
mixed,0.8625,0.12747548783981963
motor,0.9354166666666667,0.06200198409523706
mem,0.95625,0.08634441002668987
