,Mean,Std
mixed,0.9375,0.05175491695067656
motor,0.955787037037037,0.04912957328926586
mem,0.8828125,0.0908632950803411
