,Mean,Std
mixed,0.8875,0.06943650748294133
motor,0.9180555555555555,0.06477133840410906
mem,0.9531250000000001,0.05417811234385023
