,test_task,train_task,Mean,Std
0,mem,mixed,0.95,0.06363961030678926
1,mem,motor,0.7237499999999999,0.15635924752221816
2,mixed,mem,0.8575,0.08544003745317533
3,mixed,motor,0.6512500000000002,0.1178906878668298
4,motor,mem,0.885,0.09691675367477566
5,motor,mixed,0.9,0.09019819447036775
