sub,mixed,motor,mem
MSC01,0.95,0.9,0.9
MSC02,0.75,0.85,0.8
MSC03,0.85,0.95,0.7708333333333333
MSC04,0.8,0.9,0.75
MSC05,0.65,0.75,0.75
MSC06,0.95,0.7407407407407407,0.85
MSC07,0.8,0.9444444444444444,0.8
MSC10,0.85,0.85,0.85
