,Mean,Std
mixed,0.8249999999999998,0.09999999999999996
motor,0.860648148148148,0.08013406119784744
mem,0.8088541666666665,0.05375011535609622
