,test_task,train_task,Mean,Std
0,mem,mixed,0.7549999999999999,0.14317821063276356
1,mem,motor,0.6325000000000001,0.13599051824532318
2,mixed,mem,0.8125,0.12125983411014979
3,mixed,motor,0.5800000000000002,0.0894427190999916
4,motor,mem,0.8400000000000001,0.110739143462178
5,motor,mixed,0.7249999999999999,0.13907589749182958
