task,Mean,Std
glass,0.8784722222222222,0.06406549090751164
mem,0.99375,0.01767766952966371
motor,0.9812500000000001,0.025877458475338306
semantic,0.9437500000000001,0.03204349722308277
