,test_task,train_task,Mean,Std
0,mem,mixed,0.895625,0.07930220227531068
1,mem,motor,0.6487499999999999,0.09624188277460084
2,mixed,mem,0.8224999999999999,0.05879747322073336
3,mixed,motor,0.61,0.06397544171678025
4,motor,mem,0.88625,0.0650137348126203
5,motor,mixed,0.8900000000000001,0.07851296526234199
