task,Mean,Std
mem,0.8304241071428571,0.12790516657098708
mixed,0.6210714285714285,0.12103611138722302
motor,0.785354938271605,0.15789858896474343
