,test_task,train_task,Mean,Std
0,mem,mixed,0.7124107142857142,0.1330242324863084
1,mem,motor,0.6900892857142857,0.1331591360721468
2,mixed,mem,0.7298214285714285,0.10894938059698889
3,mixed,motor,0.6432142857142855,0.11715346800216829
4,motor,mem,0.7347321428571431,0.12630921525028516
5,motor,mixed,0.6666071428571427,0.12787460883387128
