task,Mean,Std
mem,0.7466964285714287,0.1497824992378018
mixed,0.6680357142857138,0.12678786352668908
motor,0.7350892857142854,0.15147904466963727
