task,Mean,Std
mem,0.7667857142857143,0.1420096941999146
mixed,0.7194642857142856,0.11344072770085133
motor,0.7478571428571429,0.14769703986341629
