,Mean,Std
mixed,0.6312500000000001,0.16243130416095464
motor,0.7238425925925926,0.15767775569929712
mem,0.58125,0.10329396331413979
