Test_Variable,Mean,Std
mem,0.9359375000000001,0.09018004477815741
mixed,0.79921875,0.1551988451877753
motor,0.9085937500000001,0.09109330969631398
