Row,MSC01,MSC02,MSC03,MSC04,MSC05,MSC06,MSC07,MSC10
MSC01,0,0.5,0.5,0.97,0.5,0.969444444444444,0.791666666666667,0.9025
MSC02,0.9175,0,0.7075,0.9525,0.5375,0.738888888888889,0.816666666666667,0.9025
MSC03,0.875,0.5,0,0.93,0.5,0.925,0.861111111111111,0.905
MSC04,0.955,0.5,0.615,0,0.5,0.969444444444444,0.9,0.915
MSC05,0.9325,0.5,0.7125,0.975,0,0.875,0.9,0.9275
MSC06,0.888888888888889,0.5,0.533333333333333,0.95,0.502777777777778,0,0.895061728395062,0.838888888888889
MSC07,0.925,0.5,0.527777777777778,0.977777777777778,0.5,0.888888888888889,0,0.966666666666667
MSC10,0.9075,0.5,0.575,0.9675,0.5,0.880555555555556,0.894444444444444,0
