,Mean,Std
mixed,0.8500000000000001,0.08451542547285167
motor,0.93125,0.08425090080061035
mem,0.903125,0.0687094035984678
