,Mean,Std
mixed,0.8,0.11952286093343936
motor,0.9321759259259259,0.06563679463916273
mem,0.8640625000000001,0.12382257972599342
