,Mean,Std
mixed,0.7125,0.12464234547582248
motor,0.7606481481481482,0.1567469805521258
mem,0.7104166666666667,0.11301689015504476
