,Mean,Std
mixed,0.5249999999999999,0.14638501094227999
motor,0.6583333333333333,0.15578214789060693
mem,0.5239583333333333,0.15795302069296346
