,Mean,Std
mixed,0.8250000000000001,0.11338934190276818
motor,0.9243055555555556,0.06519117862658337
mem,0.8906249999999999,0.05659615711335883
