,Mean,Std
mixed,0.83125,0.10999188281738927
motor,0.9236111111111112,0.052767333970852946
mem,0.878125,0.07492555829431158
