,Mean,Std
mixed,0.8437500000000001,0.09038607667745546
motor,0.9236111111111112,0.05276733397085298
mem,0.8328125,0.06973723001381686
