,Mean,Std
mixed,0.83125,0.10669549461635468
motor,0.9375,0.058248237251071755
mem,0.8890625,0.08593952919682203
