,Mean,Std
mixed,0.7437499999999999,0.12374368670764581
motor,0.8368055555555556,0.11182065115483525
mem,0.7786458333333334,0.08138915129433834
