,Mean,Std
mixed,0.6187500000000001,0.15797264681854625
motor,0.6129629629629629,0.11504074034043611
mem,0.5979166666666667,0.10706677192665166
