,Mean,Std
mixed,0.79375,0.0562995813229802
motor,0.7780092592592591,0.10291383577329342
mem,0.8223958333333333,0.10922112191431756
