,Mean,Std
mixed,0.9625,0.03535533905932738
motor,0.9743055555555556,0.027528644693475435
mem,1.0,0.0
