,Mean,Std
mixed,0.8562500000000002,0.08634441002668987
motor,0.9266203703703704,0.0663273071924699
mem,0.884375,0.07898632340927308
