,Mean,Std
mixed,0.83125,0.10669549461635468
motor,0.9321759259259259,0.059949170938536814
mem,0.896875,0.07610788864687885
