,Mean,Std
mixed,0.8250000000000001,0.10350983390135313
motor,0.9305555555555556,0.07021006525268719
mem,0.8729166666666667,0.08950370214919993
