,Mean,Std
mixed,0.79375,0.1474485382381644
motor,0.9090277777777778,0.05826242856258722
mem,0.790625,0.10171520113954031
