,Mean,Std
mixed,0.5625,0.11572751247156891
motor,0.6780092592592591,0.18496663691197704
mem,0.5598958333333334,0.12030750736909597
