,Mean,Std
mixed,0.975,0.03779644730092272
motor,0.9805555555555556,0.026890594200154647
mem,0.9812500000000001,0.03720119045714224
