,Mean,Std
mixed,0.8250000000000001,0.1164964745021435
motor,0.9375,0.06408699444616556
mem,0.8718750000000001,0.10973791830668975
