,Mean,Std
mixed,0.8250000000000001,0.11019463300386793
motor,0.925,0.07071067811865474
mem,0.896875,0.07610788864687885
