,Mean,Std
mixed,0.7625,0.14820352800890307
motor,0.887037037037037,0.05187074485734373
mem,0.8619791666666666,0.09520856126887375
