,Mean,Std
mixed,0.9625,0.03535533905932738
motor,0.9812500000000001,0.02587745847533831
mem,0.9859375,0.02625212576426636
