,Mean,Std
mixed,0.6687500000000001,0.12799972098183873
motor,0.7231481481481482,0.16189827769980578
mem,0.6348958333333333,0.128095355649176
