,Mean,Std
mixed,0.8312499999999999,0.07039429765866792
motor,0.8849537037037036,0.0895830342611526
mem,0.9166666666666666,0.07766431633476234
