,Mean,Std
mixed,0.96875,0.03720119045714226
motor,0.9743055555555556,0.027528644693475435
mem,0.99375,0.017677669529663705
