,Mean,Std
mixed,0.83125,0.09977653603356423
motor,0.9249999999999999,0.08017837257372731
mem,0.9031250000000001,0.05737953218949864
