,Mean,Std
mixed,0.8250000000000001,0.11019463300386793
motor,0.9266203703703704,0.07150942171273647
mem,0.909375,0.06538007013936716
