,Mean,Std
mixed,0.7875,0.08762745818846639
motor,0.9252314814814815,0.06516487102298216
mem,0.8203125,0.09588346256188887
