,Mean,Std
mixed,0.7125,0.17474471175321524
motor,0.7344907407407407,0.08852957304066865
mem,0.6302083333333333,0.1715902222304038
