,Mean,Std
mixed,0.9437500000000001,0.049551560448255726
motor,0.9743055555555556,0.03836811166770299
mem,0.9812500000000001,0.025877458475338306
