,Mean,Std
mixed,0.625,0.16690459207925604
motor,0.6541666666666667,0.08872753211888791
mem,0.6869791666666666,0.07935246055436306
