,Mean,Std
mixed,0.725,0.1414213562373095
motor,0.7013888888888888,0.17741019648534978
mem,0.6828125,0.10875461812854528
