,Mean,Std
mixed,0.725,0.08017837257372731
motor,0.7576388888888888,0.14868433887893492
mem,0.7093750000000001,0.049888268016782124
