,Mean,Std
mixed,0.7187499999999999,0.13871218918527467
motor,0.7152777777777779,0.13867797035961027
mem,0.6911458333333333,0.12548393426226526
