,Mean,Std
mixed,0.9625,0.03535533905932738
motor,0.961111111111111,0.04667044580314019
mem,0.9796875,0.038923861117388055
