,acc,train,test,train_task,test_task
0,0.7777777777777778,MSC03,MSC06,mem,glass
1,0.7222222222222222,MSC03,MSC06,mem,glass
2,0.7777777777777778,MSC03,MSC06,mem,glass
3,0.6666666666666666,MSC03,MSC06,mem,glass
4,0.8888888888888888,MSC03,MSC06,mem,glass
5,0.8333333333333334,MSC03,MSC06,mem,glass
6,0.8888888888888888,MSC03,MSC06,mem,glass
7,0.8888888888888888,MSC03,MSC06,mem,glass
8,0.8888888888888888,MSC03,MSC06,mem,glass
9,0.8888888888888888,MSC03,MSC06,mem,glass
