,acc,train,test,train_task,test_task
0,0.7777777777777778,MSC10,MSC06,mem,glass
1,0.8888888888888888,MSC10,MSC06,mem,glass
2,0.7777777777777778,MSC10,MSC06,mem,glass
3,0.8333333333333334,MSC10,MSC06,mem,glass
4,0.5,MSC10,MSC06,mem,glass
5,0.8888888888888888,MSC10,MSC06,mem,glass
6,0.7777777777777778,MSC10,MSC06,mem,glass
7,0.7777777777777778,MSC10,MSC06,mem,glass
8,0.8333333333333334,MSC10,MSC06,mem,glass
9,0.8333333333333334,MSC10,MSC06,mem,glass
