,acc,train,test,train_task,test_task
0,0.5555555555555556,MSC02,MSC06,motor,motor
1,0.5555555555555556,MSC02,MSC06,motor,motor
2,0.5555555555555556,MSC02,MSC06,motor,motor
3,0.5555555555555556,MSC02,MSC06,motor,motor
4,0.5555555555555556,MSC02,MSC06,motor,motor
5,0.5555555555555556,MSC02,MSC06,motor,motor
6,0.5555555555555556,MSC02,MSC06,motor,motor
7,0.5555555555555556,MSC02,MSC06,motor,motor
8,0.5555555555555556,MSC02,MSC06,motor,motor
9,0.5555555555555556,MSC02,MSC06,motor,motor
