,Mean,Std
mixed,0.96,0.04183300132670377
motor,0.9800000000000001,0.02738612787525833
mem,0.99,0.022360679774997918
