task,Mean,Std
mem,0.6705133928571428,0.22163990769039427
mixed,0.6785714285714286,0.2358942642289208
motor,0.8031249999999999,0.24588904094030997
