,Mean,Std
mixed,0.9812500000000001,0.025877458475338306
motor,0.9486111111111112,0.05351407864998344
mem,0.978125,0.04519303833872773
