task,Mean,Std
mem,0.9089285714285714,0.09821458087322826
mixed,0.7589285714285714,0.13420037354545725
motor,0.8901785714285714,0.09166125525152767
