task,Mean,Std
mem,0.9267857142857145,0.09291456765823583
mixed,0.7705357142857142,0.14452957725427237
motor,0.8955357142857138,0.09008924146961961
