task,Mean,Std
mem,0.9180357142857144,0.08995290975852849
mixed,0.7560714285714285,0.13350081472585676
motor,0.8883928571428569,0.08305040716257889
