,test_task,train_task,Mean,Std
0,mem,mixed,0.9175,0.06902380541730309
1,mem,motor,0.695625,0.13816236566342613
2,mixed,mem,0.8350000000000001,0.12800669625341596
3,mixed,motor,0.644375,0.09828666164410546
4,motor,mem,0.9025000000000001,0.0993191105190019
5,motor,mixed,0.89625,0.09307255234493142
