train,acc,frames,analysis
MSC01,1.0,250,CV
MSC02,1.0,250,CV
MSC03,0.9166666666666666,250,CV
MSC04,1.0,250,CV
MSC05,1.0,250,CV
MSC06,0.9444444444444444,250,CV
MSC07,1.0,250,CV
MSC10,0.9523809523809523,250,CV
