train,acc,frames,analysis
MSC01,0.9333333333333333,300,CV
MSC02,1.0,300,CV
MSC03,0.9166666666666666,300,CV
MSC04,1.0,300,CV
MSC05,1.0,300,CV
MSC06,1.0,300,CV
MSC07,1.0,300,CV
MSC10,0.8166666666666667,300,CV
