task,Mean,Std
mem,0.5131473214285716,0.07514795673726406
mixed,0.541875,0.09534894050038237
motor,0.5168882275132275,0.08804903129875942
