,Mean,Std
mixed,0.8062499999999999,0.0942545944314046
motor,0.6805555555555556,0.16218851574155296
mem,0.6635416666666668,0.1359809670972317
