task,Mean,Std
mem,0.6226116071428575,0.09019936151309571
mixed,0.5687500000000002,0.11569650737244329
motor,0.6054343033509701,0.08494459425959788
