,test_task,train_task,Mean,Std
0,mem,mixed,0.7241071428571431,0.15550243243597983
1,mem,motor,0.6250000000000001,0.1254084236695156
2,mixed,mem,0.8026785714285714,0.13929029296503656
3,mixed,motor,0.5955357142857144,0.11765774158908608
4,motor,mem,0.8339285714285717,0.14081165462390563
5,motor,mixed,0.7187499999999998,0.1447764734780043
