,test_task,train_task,Mean,Std
0,mem,mixed,0.711339285714286,0.13934421432171146
1,mem,motor,0.6201785714285712,0.11463762782911079
2,mixed,mem,0.7836607142857142,0.12221252380188362
3,mixed,motor,0.586607142857143,0.10212784832060941
4,motor,mem,0.8210714285714286,0.12139235517982133
5,motor,mixed,0.7043750000000003,0.13623529945715915
