task,Mean,Std
mem,0.4841071428571429,0.08220322457099918
mixed,0.6208035714285715,0.12135139354076539
motor,0.5635714285714286,0.10738932690201355
