task,Mean,Std
mem,0.6783705357142857,0.08097029465224534
mixed,0.5735714285714286,0.09506798660917393
motor,0.6444940476190474,0.08914406058698854
