acc,train_sub,test_sub
0.7166666666666666,MSC04,MSC06
0.6,MSC04,MSC06
0.65,MSC04,MSC06
0.7333333333333333,MSC04,MSC06
0.7166666666666666,MSC04,MSC06
