acc,train_sub,test_sub
0.5333333333333334,MSC02,MSC03
0.7,MSC02,MSC03
0.5333333333333334,MSC02,MSC03
0.65,MSC02,MSC03
0.5833333333333334,MSC02,MSC03
