acc,train_sub,test_sub
0.6166666666666666,MSC06,MSC02
0.65,MSC06,MSC02
0.65,MSC06,MSC02
0.5833333333333333,MSC06,MSC02
0.95,MSC06,MSC02
