acc,train_sub,test_sub
0.85,MSC07,MSC06
0.9,MSC07,MSC06
0.9,MSC07,MSC06
0.8666666666666668,MSC07,MSC06
0.8333333333333333,MSC07,MSC06
0.8333333333333334,MSC07,MSC06
0.85,MSC07,MSC06
0.8833333333333334,MSC07,MSC06
0.8666666666666668,MSC07,MSC06
0.8833333333333334,MSC07,MSC06
