acc,train_sub,test_sub
0.5166666666666667,MSC06,MSC07
0.5333333333333334,MSC06,MSC07
0.5666666666666667,MSC06,MSC07
0.5166666666666667,MSC06,MSC07
0.6833333333333333,MSC06,MSC07
