acc,train_sub,test_sub
0.6833333333333332,MSC06,MSC02
0.6166666666666668,MSC06,MSC02
0.6833333333333333,MSC06,MSC02
0.65,MSC06,MSC02
0.65,MSC06,MSC02
0.6333333333333334,MSC06,MSC02
0.6000000000000001,MSC06,MSC02
0.6,MSC06,MSC02
0.65,MSC06,MSC02
0.9666666666666668,MSC06,MSC02
