acc,train_sub,test_sub
0.8,MSC07,MSC04
0.85,MSC07,MSC04
0.7833333333333333,MSC07,MSC04
0.8166666666666667,MSC07,MSC04
0.9333333333333332,MSC07,MSC04
