acc,train_sub,test_sub
0.6833333333333333,MSC03,MSC10
0.7,MSC03,MSC10
0.5833333333333333,MSC03,MSC10
0.6,MSC03,MSC10
0.6,MSC03,MSC10
0.5833333333333333,MSC03,MSC10
0.55,MSC03,MSC10
0.65,MSC03,MSC10
0.6166666666666667,MSC03,MSC10
0.6,MSC03,MSC10
