acc,train_sub,test_sub
0.9166666666666666,MSC04,MSC05
0.9,MSC04,MSC05
0.8333333333333334,MSC04,MSC05
0.9666666666666666,MSC04,MSC05
0.75,MSC04,MSC05
