acc,train_sub,test_sub
0.5,MSC03,MSC02
0.5,MSC03,MSC02
0.5166666666666666,MSC03,MSC02
0.5166666666666666,MSC03,MSC02
0.5166666666666666,MSC03,MSC02
0.5,MSC03,MSC02
0.5166666666666666,MSC03,MSC02
0.5166666666666666,MSC03,MSC02
0.5166666666666666,MSC03,MSC02
0.5,MSC03,MSC02
