acc,train_sub,test_sub
0.9,MSC05,MSC06
0.8666666666666666,MSC05,MSC06
0.6166666666666667,MSC05,MSC06
0.7333333333333334,MSC05,MSC06
0.7,MSC05,MSC06
