acc,train_sub,test_sub
0.6666666666666666,MSC02,MSC10
0.8,MSC02,MSC10
0.7166666666666667,MSC02,MSC10
0.9,MSC02,MSC10
0.8833333333333332,MSC02,MSC10
