acc,train_sub,test_sub
0.7833333333333334,MSC03,MSC05
0.8333333333333334,MSC03,MSC05
0.65,MSC03,MSC05
0.7333333333333333,MSC03,MSC05
0.65,MSC03,MSC05
0.6333333333333333,MSC03,MSC05
0.55,MSC03,MSC05
0.7333333333333333,MSC03,MSC05
0.6833333333333333,MSC03,MSC05
0.65,MSC03,MSC05
