acc,train_sub,test_sub
0.8,MSC02,MSC05
0.9,MSC02,MSC05
0.7333333333333333,MSC02,MSC05
0.7833333333333334,MSC02,MSC05
0.7666666666666667,MSC02,MSC05
