acc,train_sub,test_sub
0.5166666666666667,MSC06,MSC01
0.55,MSC06,MSC01
0.6,MSC06,MSC01
0.5166666666666667,MSC06,MSC01
0.9666666666666666,MSC06,MSC01
