acc,train_sub,test_sub
0.5,MSC04,MSC02
0.5,MSC04,MSC02
0.5,MSC04,MSC02
0.5833333333333333,MSC04,MSC02
0.5166666666666667,MSC04,MSC02
