acc,train_sub,test_sub
0.7833333333333334,MSC02,MSC04
0.8833333333333334,MSC02,MSC04
0.7333333333333334,MSC02,MSC04
0.8166666666666668,MSC02,MSC04
0.8,MSC02,MSC04
