acc,train_sub,test_sub
0.6,MSC07,MSC03
0.5833333333333333,MSC07,MSC03
0.6,MSC07,MSC03
0.6166666666666666,MSC07,MSC03
0.6,MSC07,MSC03
0.6,MSC07,MSC03
0.5666666666666667,MSC07,MSC03
0.5833333333333333,MSC07,MSC03
0.6666666666666666,MSC07,MSC03
0.6,MSC07,MSC03
