acc,train_sub,test_sub
0.8,MSC07,MSC05
0.95,MSC07,MSC05
0.7166666666666668,MSC07,MSC05
0.7333333333333334,MSC07,MSC05
0.9166666666666666,MSC07,MSC05
