acc,train_sub,test_sub
0.6333333333333334,MSC05,MSC03
0.6000000000000001,MSC05,MSC03
0.6666666666666666,MSC05,MSC03
0.6,MSC05,MSC03
0.55,MSC05,MSC03
