acc,train_sub,test_sub
0.5166666666666667,MSC07,MSC02
0.55,MSC07,MSC02
0.5,MSC07,MSC02
0.5333333333333334,MSC07,MSC02
0.7666666666666668,MSC07,MSC02
