acc,train_sub,test_sub
0.85,MSC05,MSC04
0.8166666666666668,MSC05,MSC04
0.7666666666666667,MSC05,MSC04
0.7333333333333334,MSC05,MSC04
0.8166666666666668,MSC05,MSC04
