acc,train_sub,test_sub
0.5,MSC04,MSC01
0.5333333333333333,MSC04,MSC01
0.5,MSC04,MSC01
0.5833333333333334,MSC04,MSC01
0.5,MSC04,MSC01
