acc,train_sub,test_sub
0.8,MSC05,MSC06
0.8333333333333333,MSC05,MSC06
0.7833333333333334,MSC05,MSC06
0.8666666666666668,MSC05,MSC06
0.7166666666666667,MSC05,MSC06
0.65,MSC05,MSC06
0.7666666666666667,MSC05,MSC06
0.8,MSC05,MSC06
0.85,MSC05,MSC06
0.6166666666666667,MSC05,MSC06
