acc,train_sub,test_sub
0.6166666666666667,MSC05,MSC03
0.6166666666666667,MSC05,MSC03
0.5666666666666667,MSC05,MSC03
0.6166666666666667,MSC05,MSC03
0.6,MSC05,MSC03
0.6000000000000001,MSC05,MSC03
0.6166666666666667,MSC05,MSC03
0.6,MSC05,MSC03
0.6000000000000001,MSC05,MSC03
0.55,MSC05,MSC03
