acc,train_sub,test_sub
0.7,MSC03,MSC04
0.7166666666666666,MSC03,MSC04
0.65,MSC03,MSC04
0.6833333333333333,MSC03,MSC04
0.65,MSC03,MSC04
0.7,MSC03,MSC04
0.6166666666666666,MSC03,MSC04
0.65,MSC03,MSC04
0.6333333333333333,MSC03,MSC04
0.65,MSC03,MSC04
