acc,train_sub,test_sub
0.9166666666666666,MSC06,MSC05
0.85,MSC06,MSC05
0.8833333333333332,MSC06,MSC05
0.8833333333333332,MSC06,MSC05
0.8833333333333332,MSC06,MSC05
0.9166666666666667,MSC06,MSC05
0.9000000000000001,MSC06,MSC05
0.8666666666666666,MSC06,MSC05
0.8833333333333332,MSC06,MSC05
1.0,MSC06,MSC05
