acc,train_sub,test_sub
0.6,MSC03,MSC07
0.6833333333333333,MSC03,MSC07
0.5833333333333333,MSC03,MSC07
0.6333333333333334,MSC03,MSC07
0.6666666666666667,MSC03,MSC07
0.6166666666666667,MSC03,MSC07
0.5666666666666667,MSC03,MSC07
0.7000000000000001,MSC03,MSC07
0.6833333333333333,MSC03,MSC07
0.5833333333333334,MSC03,MSC07
