acc,train_sub,test_sub
0.8,MSC07,MSC06
0.85,MSC07,MSC06
0.7666666666666666,MSC07,MSC06
0.8,MSC07,MSC06
0.8333333333333334,MSC07,MSC06
