acc,train_sub,test_sub
0.5833333333333334,MSC05,MSC07
0.55,MSC05,MSC07
0.5833333333333333,MSC05,MSC07
0.6666666666666666,MSC05,MSC07
0.6166666666666666,MSC05,MSC07
