acc,train_sub,test_sub
0.5166666666666667,MSC01,MSC04
0.6000000000000001,MSC01,MSC04
0.5333333333333333,MSC01,MSC04
0.5166666666666667,MSC01,MSC04
0.5166666666666667,MSC01,MSC04
