acc,train_sub,test_sub
0.6500000000000001,MSC07,MSC10
0.7,MSC07,MSC10
0.6166666666666667,MSC07,MSC10
0.6500000000000001,MSC07,MSC10
0.85,MSC07,MSC10
