acc,train_sub,test_sub
0.65,MSC07,MSC01
0.6333333333333334,MSC07,MSC01
0.7,MSC07,MSC01
0.6333333333333334,MSC07,MSC01
0.6166666666666667,MSC07,MSC01
0.5833333333333334,MSC07,MSC01
0.6166666666666667,MSC07,MSC01
0.7000000000000001,MSC07,MSC01
0.9166666666666667,MSC07,MSC01
0.6166666666666667,MSC07,MSC01
