acc,train_sub,test_sub
0.6666666666666667,MSC01,MSC06
0.6166666666666667,MSC01,MSC06
0.6666666666666667,MSC01,MSC06
0.7833333333333333,MSC01,MSC06
0.6666666666666667,MSC01,MSC06
0.6666666666666667,MSC01,MSC06
0.6666666666666667,MSC01,MSC06
0.65,MSC01,MSC06
0.6333333333333333,MSC01,MSC06
0.65,MSC01,MSC06
