acc,train_sub,test_sub
0.85,MSC02,MSC06
0.9166666666666666,MSC02,MSC06
0.7166666666666666,MSC02,MSC06
0.9166666666666666,MSC02,MSC06
0.9166666666666666,MSC02,MSC06
