acc,train_sub,test_sub
0.7166666666666667,MSC03,MSC06
0.7166666666666667,MSC03,MSC06
0.65,MSC03,MSC06
0.6833333333333333,MSC03,MSC06
0.6333333333333333,MSC03,MSC06
0.6833333333333333,MSC03,MSC06
0.6666666666666667,MSC03,MSC06
0.6833333333333333,MSC03,MSC06
0.6666666666666667,MSC03,MSC06
0.7,MSC03,MSC06
