acc,train_sub,test_sub
0.6499999999999999,MSC02,MSC10
0.8,MSC02,MSC10
0.7333333333333333,MSC02,MSC10
0.8,MSC02,MSC10
0.8333333333333333,MSC02,MSC10
0.6833333333333333,MSC02,MSC10
0.8166666666666667,MSC02,MSC10
0.8499999999999999,MSC02,MSC10
0.85,MSC02,MSC10
0.8333333333333333,MSC02,MSC10
