acc,train_sub,test_sub
0.5833333333333334,MSC03,MSC01
0.5166666666666667,MSC03,MSC01
0.5166666666666667,MSC03,MSC01
0.5166666666666667,MSC03,MSC01
0.5166666666666667,MSC03,MSC01
