acc,train_sub,test_sub
0.6333333333333333,MSC10,MSC04
0.7,MSC10,MSC04
0.6833333333333333,MSC10,MSC04
0.6,MSC10,MSC04
0.6833333333333332,MSC10,MSC04
0.5666666666666667,MSC10,MSC04
0.5166666666666667,MSC10,MSC04
0.5166666666666666,MSC10,MSC04
0.6333333333333334,MSC10,MSC04
0.7333333333333333,MSC10,MSC04
