acc,train_sub,test_sub
0.5333333333333333,MSC10,MSC03
0.5999999999999999,MSC10,MSC03
0.5833333333333333,MSC10,MSC03
0.5,MSC10,MSC03
0.6166666666666666,MSC10,MSC03
