acc,train_sub,test_sub
0.7,MSC10,MSC04
0.7,MSC10,MSC04
0.6666666666666667,MSC10,MSC04
0.5,MSC10,MSC04
0.6833333333333333,MSC10,MSC04
