acc,train_sub,test_sub
0.65,MSC10,MSC06
0.7166666666666668,MSC10,MSC06
0.7500000000000001,MSC10,MSC06
0.6166666666666666,MSC10,MSC06
0.6833333333333333,MSC10,MSC06
