acc,train_sub,test_sub
0.5166666666666667,MSC10,MSC05
0.55,MSC10,MSC05
0.7333333333333333,MSC10,MSC05
0.5166666666666667,MSC10,MSC05
0.6,MSC10,MSC05
