acc,train_sub,test_sub
0.6500000000000001,MSC10,MSC07
0.6833333333333333,MSC10,MSC07
0.65,MSC10,MSC07
0.6666666666666667,MSC10,MSC07
0.6833333333333333,MSC10,MSC07
