,Mean,Std
mixed,0.94375,0.056299581322980165
motor,0.9812500000000001,0.025877458475338306
mem,0.9484375,0.046501488071427816
