task,Mean,Std
glass,0.5774801587301586,0.10150820925627912
mem,0.8943749999999995,0.1004764219289101
motor,0.7883928571428571,0.15472881597655458
semantic,0.6699107142857142,0.14488080075900817
