train,acc,frames,analysis
MSC01,1.0,175,CV
MSC02,1.0,175,CV
MSC03,1.0,175,CV
MSC04,0.9444444444444444,175,CV
MSC05,0.95,175,CV
MSC06,0.95,175,CV
MSC07,1.0,175,CV
MSC10,0.9285714285714286,175,CV
