train,acc,frames,analysis
MSC01,1.0,200,CV
MSC02,1.0,200,CV
MSC03,0.9166666666666666,200,CV
MSC04,0.9444444444444444,200,CV
MSC05,1.0,200,CV
MSC06,0.95,200,CV
MSC07,1.0,200,CV
MSC10,0.9285714285714286,200,CV
