train,acc,frames,analysis
MSC01,1.0,275,CV
MSC02,1.0,275,CV
MSC03,0.9166666666666666,275,CV
MSC04,0.9444444444444444,275,CV
MSC05,1.0,275,CV
MSC06,1.0,275,CV
MSC07,1.0,275,CV
MSC10,0.9333333333333332,275,CV
