train,acc,frames,analysis
MSC01,1.0,300,CV
MSC02,1.0,300,CV
MSC03,1.0,300,CV
MSC04,0.9285714285714286,300,CV
MSC05,1.0,300,CV
MSC06,1.0,300,CV
MSC07,1.0,300,CV
MSC10,0.8166666666666667,300,CV
