train,acc,frames,analysis
MSC01,0.85,325,CV
MSC02,1.0,325,CV
MSC03,0.9166666666666666,325,CV
MSC04,0.9166666666666666,325,CV
MSC05,1.0,325,CV
MSC06,0.9444444444444444,325,CV
MSC07,1.0,325,CV
MSC10,9999,325,CV
