task,Mean,Std
mem,0.6419642857142858,0.13455542477976257
mixed,0.6027678571428571,0.10247358703081022
motor,0.6454464285714289,0.13992295537744492
