task,Mean,Std
mem,0.6278571428571429,0.12904494334377228
mixed,0.6022321428571428,0.10199785934855844
motor,0.6267857142857144,0.13608629805928485
