,Mean,Std
mixed,0.7812499999999999,0.119335960332883
motor,0.825,0.08017837257372731
mem,0.7875,0.14820352800890305
