Test_variables,mem,mixed,motor
mem,1.0,0.9166666666666666,0.5
mixed,0.9166666666666666,1.0,0.8333333333333334
motor,1.0,1.0,1.0
