Test_variables,mem,mixed,motor
mem,1.0,0.75,0.3333333333333333
mixed,0.5,1.0,0.25
motor,0.9166666666666666,1.0,1.0
