Test_Variable,Mean,Std
mem,0.98125,0.025877458475338306
mixed,0.9624999999999999,0.05175491695067658
motor,0.9624999999999999,0.04432026302139591
