task,Mean,Std
mem,0.5497321428571431,0.08069256833448529
mixed,0.5754464285714285,0.0893882074066631
motor,0.5491071428571429,0.09796616829227386
