,Mean,Std
glass,0.8541666666666665,0.033034373632170495
semantic,0.93125,0.05303300858899106
motor,0.9875,0.023145502494313807
mem,0.9812500000000001,0.025877458475338306
