,Mean,Std
glass,0.8909722222222223,0.061859593818927375
semantic,0.9437500000000001,0.03204349722308277
motor,0.9812500000000001,0.02587745847533831
mem,0.99375,0.017677669529663705
