,Mean,Std
glass,0.8729166666666666,0.039778653444294335
semantic,0.9000000000000001,0.05976143046671967
motor,0.9375,0.06408699444616558
mem,0.925,0.0654653670707977
