,Mean,Std
glass,0.6886574074074076,0.13362122615501293
semantic,0.71875,0.11630471062809844
motor,0.73125,0.12517844405944203
mem,0.7,0.12817398889233117
