,Mean,Std
glass,0.8722222222222222,0.06945238049891804
semantic,0.9375000000000001,0.035355339059327355
motor,0.9812500000000001,0.02587745847533831
mem,0.99375,0.017677669529663705
