,Mean,Std
glass,0.8729166666666667,0.07660323462854264
semantic,0.9437500000000001,0.041726148019813995
motor,0.9812500000000001,0.02587745847533831
mem,0.99375,0.017677669529663705
