,Mean,Std
glass,0.8909722222222222,0.06738616372615669
semantic,0.94375,0.04172614801981401
motor,0.9812500000000001,0.025877458475338306
mem,0.99375,0.017677669529663705
