,Mean,Std
glass,0.8916666666666667,0.044543540318737376
semantic,0.88125,0.07989949043284673
motor,0.95625,0.04955156044825573
mem,0.96875,0.05303300858899108
