,Mean,Std
glass,0.6645833333333333,0.12454281472013026
semantic,0.7999999999999999,0.09258200997725513
motor,0.7812500000000001,0.1412634317254722
mem,0.8125,0.13822858914545447
