,Mean,Std
glass,0.7590277777777777,0.08461644450563978
semantic,0.8624999999999998,0.044320263021395905
motor,0.8562500000000001,0.10155048005794948
mem,0.8875,0.083452296039628
