,Mean,Std
glass,0.8722222222222222,0.06410419208351957
semantic,0.93125,0.04580626906564521
motor,0.9812500000000001,0.03720119045714224
mem,0.99375,0.017677669529663705
