,Mean,Std
glass,0.8854166666666666,0.05377606418626298
semantic,0.9250000000000002,0.046291004988627565
motor,0.9875,0.023145502494313807
mem,0.9875,0.023145502494313807
