,Mean,Std
glass,0.8659722222222223,0.07384844937049666
semantic,0.9437500000000001,0.03204349722308277
motor,0.9875,0.023145502494313807
mem,0.9750000000000001,0.026726124191242463
