,Mean,Std
glass,0.8534722222222221,0.053611830737829935
semantic,0.9187500000000001,0.0458062690656452
motor,0.9687500000000001,0.03720119045714225
mem,0.9750000000000001,0.03779644730092272
