,Mean,Std
glass,0.7611111111111112,0.1629208699846131
semantic,0.8125,0.09910312089651148
motor,0.86875,0.06512350903146595
mem,0.9,0.0654653670707977
