,Mean,Std
glass,0.9173611111111112,0.03819534630969867
semantic,0.9312500000000001,0.0458062690656452
motor,0.9812500000000001,0.025877458475338306
mem,0.99375,0.017677669529663702
