,Mean,Std
glass,0.8666666666666666,0.047140452079103154
semantic,0.9250000000000002,0.026726124191242404
motor,0.96875,0.025877458475338306
mem,0.95625,0.041726148019814
