,Mean,Std
glass,0.8847222222222223,0.06873446593784037
semantic,0.9437500000000001,0.03204349722308277
motor,0.9812500000000001,0.02587745847533831
mem,0.9812500000000001,0.025877458475338306
