,Mean,Std
glass,0.8784722222222222,0.058224577378755984
semantic,0.9437500000000001,0.03204349722308277
motor,0.9812500000000001,0.02587745847533831
mem,1.0,0.0
