,Mean,Std
glass,0.8847222222222223,0.05080914942117215
semantic,0.9,0.0801783725737273
motor,0.9500000000000001,0.05345224838248488
mem,0.9625,0.04432026302139591
