,Mean,Std
glass,0.8909722222222223,0.05578820335121902
semantic,0.9375000000000001,0.035355339059327355
motor,0.9750000000000001,0.026726124191242463
mem,0.9875,0.023145502494313807
