,Mean,Std
glass,0.804861111111111,0.06569647887718694
semantic,0.8125000000000001,0.09161253813129042
motor,0.8124999999999999,0.08345229603962802
mem,0.8687499999999999,0.07529703086538575
