,Mean,Std
glass,0.8189814814814814,0.0924324011114623
semantic,0.85625,0.11160357137142672
motor,0.8624999999999999,0.035355339059327376
mem,0.9,0.11019463300386792
