,Mean,Std
glass,0.8916666666666666,0.07453559924999296
semantic,0.9500000000000001,0.037796447300922714
motor,0.9875,0.023145502494313807
mem,0.9875,0.023145502494313807
