,Mean,Std
glass,0.8666666666666666,0.10039604115384769
semantic,0.91875,0.06512350903146596
motor,0.9750000000000001,0.03779644730092272
mem,0.98125,0.05303300858899108
