,Mean,Std
glass,0.8784722222222222,0.06941666110888778
semantic,0.93125,0.04580626906564521
motor,0.9812500000000001,0.02587745847533831
mem,0.99375,0.017677669529663702
