,Mean,Std
glass,0.8847222222222222,0.057409540837640494
semantic,0.9437500000000001,0.03204349722308277
motor,0.9812500000000001,0.02587745847533831
mem,0.99375,0.017677669529663705
