,Mean,Std
glass,0.8791666666666667,0.06651769068904281
semantic,0.9125,0.05824823725107173
motor,0.9750000000000001,0.026726124191242463
mem,0.9875,0.023145502494313807
