,Mean,Std
glass,0.7902777777777777,0.10710022667479228
semantic,0.81875,0.10669549461635468
motor,0.85625,0.07288689868556623
mem,0.90625,0.05629958132298014
