,Mean,Std
glass,0.8791666666666667,0.06651769068904281
semantic,0.9500000000000001,0.037796447300922714
motor,0.9812500000000001,0.02587745847533831
mem,0.9812500000000001,0.025877458475338306
