,Mean,Std
glass,0.8659722222222223,0.06884263039818489
semantic,0.93125,0.04580626906564521
motor,0.9687500000000001,0.025877458475338306
mem,0.9812500000000001,0.03720119045714224
