,Mean,Std
glass,0.8090277777777778,0.12977858977241077
semantic,0.8125,0.09910312089651147
motor,0.89375,0.062321172737911226
mem,0.89375,0.07763237542601484
