,Mean,Std
glass,0.8611111111111112,0.05074402337506598
semantic,0.80625,0.07763237542601487
motor,0.9500000000000001,0.026726124191242432
mem,0.925,0.05345224838248487
