,Mean,Std
glass,0.8319444444444445,0.12625909085959455
semantic,0.875,0.04629100498862756
motor,0.88125,0.07529703086538574
mem,0.8749999999999998,0.11952286093343935
