,Mean,Std
glass,0.8979166666666666,0.05594604827385324
semantic,0.9375,0.04432026302139591
motor,0.9812500000000001,0.02587745847533831
mem,0.9875,0.023145502494313807
