,Mean,Std
glass,0.8090277777777778,0.07828279919005186
semantic,0.8625,0.11877349391654204
motor,0.95,0.05345224838248488
mem,0.9062500000000001,0.10835622468770047
