task,Mean,Std
mem,0.7331026785714284,0.14646361460030174
mixed,0.6657142857142857,0.1306571800602581
motor,0.7367835097001764,0.1562893563203442
