task,Mean,Std
mem,0.7072321428571428,0.13636155030871938
mixed,0.6414285714285713,0.13501082207705453
motor,0.7875,0.11767829799152354
