task,Mean,Std
glass,0.6392559523809525,0.1288813685016786
mem,0.8533035714285709,0.10436507943366306
motor,0.7891071428571428,0.1542551226285301
semantic,0.7010714285714286,0.14787499108034793
