,acc,train,test,train_task,test_task
0,0.8333333333333334,MSC10,MSC06,mem,motor
1,0.8333333333333334,MSC10,MSC06,mem,motor
2,0.8333333333333334,MSC10,MSC06,mem,motor
3,0.7777777777777778,MSC10,MSC06,mem,motor
4,0.5555555555555556,MSC10,MSC06,mem,motor
5,0.8888888888888888,MSC10,MSC06,mem,motor
6,0.7222222222222222,MSC10,MSC06,mem,motor
7,0.8333333333333334,MSC10,MSC06,mem,motor
8,0.7777777777777778,MSC10,MSC06,mem,motor
9,0.8333333333333334,MSC10,MSC06,mem,motor
