Row,MSC01,MSC02,MSC03,MSC04,MSC05,MSC06,MSC07,MSC10
MSC01,0,1,1,0.96,1,0.983333333333333,0.583333333333333,0.805
MSC02,0.885,0,1,0.935,1,0.95,0.65,0.875
MSC03,0.875,1,0,0.875,1,0.977777777777778,0.811111111111111,0.82
MSC04,0.925,1,1,0,1,0.961111111111111,0.8,0.83
MSC05,1,1,1,1,0,1,0.827777777777778,0.92
MSC06,1,1,1,0.994444444444444,1,0,0.839506172839506,0.972222222222222
MSC07,0.861111111111111,1,1,0.966666666666667,1,0.790123456790123,0,0.966666666666667
MSC10,0.84,1,1,0.97,1,0.816666666666667,0.8,0
