Test_Variable,Mean,Std
mem,0.90625,0.10671873729054748
mixed,0.7390625,0.16772728005959697
motor,0.82734375,0.16425147374372057
