task,Mean,Std
glass,0.6265277777777778,0.11173382321517772
mem,0.7123214285714284,0.15157345739611863
motor,0.6897321428571429,0.15422952094158277
semantic,0.755,0.12570528303065936
