task,Mean,Std
glass,0.5700099206349208,0.09645812237595325
mem,0.6574107142857144,0.1498453477647979
motor,0.7541964285714287,0.14885556387352103
semantic,0.5698214285714286,0.08168656441052476
