task,Mean,Std
glass,0.5873809523809524,0.10391579699525733
mem,0.48553571428571424,0.09751773065554692
motor,0.5509821428571429,0.10725254666549308
semantic,0.6358928571428569,0.13043321921705633
