,Mean,Std
mixed,0.775,0.09258200997725517
motor,0.81875,0.07989949043284678
mem,0.7625,0.13562026818605374
