task,Mean,Std
mem,0.6520312500000002,0.1480485874061436
mixed,0.6250892857142858,0.11626963596207412
motor,0.7500220458553789,0.14095102206329885
