task,Mean,Std
mem,0.5522544642857142,0.07374457593415121
mixed,0.5329464285714286,0.09905818669170838
motor,0.5347707231040565,0.0794595393369312
