task,Mean,Std
glass,0.6083730158730161,0.09979737367711199
mem,0.7007142857142862,0.1108825282221463
motor,0.6426785714285712,0.10269975783681412
semantic,0.6770535714285716,0.10914867585801691
