task,Mean,Std
mem,0.6398214285714285,0.12755378290143937
mixed,0.6173214285714286,0.10384850979678517
motor,0.6458035714285714,0.13480550563923327
