task,Mean,Std
mem,0.6386607142857141,0.12456283945874862
mixed,0.6338392857142855,0.11751592182813732
motor,0.671339285714286,0.12671188173974043
