task,Mean,Std
mem,0.5316294642857143,0.09594592453175513
mixed,0.5160714285714286,0.08359922947510444
motor,0.5226862874779542,0.08941793164988415
