,Mean,Std
mixed,0.9750000000000001,0.03779644730092273
motor,0.9500000000000001,0.05345224838248488
mem,0.9687500000000001,0.03720119045714225
