,Mean,Std
mixed,0.80625,0.13741880719693564
motor,0.8791666666666668,0.11869922566234163
mem,0.8098958333333333,0.10123095303895249
