task,Mean,Std
mem,0.7362053571428572,0.22594837557575992
mixed,0.7158928571428571,0.22765625431749095
motor,0.8048611111111112,0.22564901407564558
