task,Mean,Std
mem,0.6219419642857142,0.07782735834512511
mixed,0.5483035714285712,0.06959804585628096
motor,0.5887654320987654,0.09855592678423511
