,Mean,Std
mixed,0.95625,0.041726148019814
motor,0.9680555555555556,0.026519102296196247
mem,0.9468750000000001,0.05077524002897475
