task,Mean,Std
glass,0.5534126984126984,0.06694256282794515
mem,0.6228571428571429,0.11899525255181452
motor,0.6195535714285715,0.1301442444007777
semantic,0.6712499999999999,0.10207060835965018
