task,Mean,Std
mem,0.6608035714285715,0.09155023104937962
mixed,0.5790178571428574,0.08610997008507171
motor,0.6280842151675488,0.09302860378005019
