task,Mean,Std
mem,0.706674107142857,0.109007734500844
mixed,0.6060714285714285,0.09339415148962772
motor,0.6641170634920636,0.10177685020009333
