task,Mean,Std
mem,0.5235044642857141,0.11295222734203153
mixed,0.5201785714285715,0.07867056909390222
motor,0.5260493827160494,0.11272610814840799
