task,Mean,Std
mem,0.5166964285714284,0.09937715937374547
mixed,0.4965178571428571,0.10049839276352611
motor,0.5442118606701939,0.08989938088680186
