task,Mean,Std
mem,0.6534598214285714,0.09403668018367904
mixed,0.5858035714285715,0.10195264848186893
motor,0.6367261904761905,0.11203945634616357
