task,Mean,Std
mem,0.6948437499999999,0.1001935803888471
mixed,0.5984821428571429,0.08998949253237158
motor,0.6636761463844797,0.09990115448409272
