task,Mean,Std
mem,0.697857142857143,0.09511587260168107
mixed,0.5994642857142859,0.08936482209779997
motor,0.6560626102292769,0.10307258031545953
