task,Mean,Std
mem,0.6504687499999999,0.0966194393025356
mixed,0.5714285714285714,0.0830920315932022
motor,0.6547442680776011,0.08613736485051347
