task,Mean,Std
mem,0.6158928571428574,0.10019291456919562
mixed,0.5814285714285713,0.08977099291436608
motor,0.642232142857143,0.07220723201152748
