task,Mean,Std
mem,0.5668973214285713,0.08465907265972085
mixed,0.4958928571428571,0.11550327481723838
motor,0.5219731040564374,0.10661956561050374
