task,Mean,Std
mem,0.8826339285714283,0.10776597080844079
mixed,0.7211607142857143,0.13384180306149962
motor,0.8346197089947089,0.14254273851511554
