task,Mean,Std
mem,0.7063839285714286,0.09233421216977478
mixed,0.60125,0.08036422768190515
motor,0.6434413580246913,0.09367475531334651
