task,Mean,Std
mem,0.6765625,0.09449454349326214
mixed,0.6042857142857142,0.11317495937075227
motor,0.656495811287478,0.09893017684692233
