task,Mean,Std
mem,0.7002901785714287,0.10483157245603013
mixed,0.5996428571428571,0.08704678544979624
motor,0.6586860670194004,0.10348439393609163
