task,Mean,Std
mem,0.6098660714285714,0.08047645003192089
mixed,0.563125,0.070055578585214
motor,0.6299625220458553,0.09715626728220178
