task,Mean,Std
mem,0.5143973214285714,0.09179058152300357
mixed,0.5025892857142857,0.08505073924871699
motor,0.5266027336860671,0.09521753884843356
