task,Mean,Std
mem,0.8776116071428574,0.09984456009721557
mixed,0.7068749999999998,0.12687346058179388
motor,0.8174801587301587,0.13728744126880565
