task,Mean,Std
mem,0.6823437499999999,0.09905980244391402
mixed,0.6032142857142856,0.09012329217359841
motor,0.682175925925926,0.1031007364199097
