task,Mean,Std
mem,0.6978794642857143,0.10251272638368802
mixed,0.5999107142857145,0.08722224002996112
motor,0.6608774250440916,0.1007592573610513
