task,Mean,Std
mem,0.6505133928571427,0.08912477744002376
mixed,0.5869642857142857,0.09192723689482286
motor,0.6153306878306878,0.09295408777168729
