task,Mean,Std
mem,0.5507142857142856,0.09109181717280734
mixed,0.5340178571428568,0.08009323909077436
motor,0.5139153439153439,0.10432969690974017
