task,Mean,Std
mem,0.6131473214285712,0.11388016804743917
mixed,0.5347321428571428,0.09133564296223395
motor,0.6195833333333335,0.136026555884224
