task,Mean,Std
mem,0.8853794642857142,0.09892861281880609
mixed,0.6905357142857141,0.12239533031581262
motor,0.8109049823633159,0.14015089062187566
