task,Mean,Std
mem,0.6757589285714286,0.0971007790003125
mixed,0.5850892857142858,0.08352185925867536
motor,0.678990299823633,0.09609266537709103
