task,Mean,Std
mem,0.7066964285714287,0.09706266385323302
mixed,0.5956250000000001,0.0840565961934955
motor,0.6629783950617286,0.1011843776995692
