task,Mean,Std
mem,0.6627455357142858,0.09406701541347373
mixed,0.5809821428571428,0.10187523404482718
motor,0.6353968253968255,0.08064766535144408
