task,Mean,Std
mem,0.5747098214285714,0.09332798684777488
mixed,0.5027678571428573,0.0972154105014274
motor,0.5503229717813051,0.0962664080577764
