task,Mean,Std
mem,0.8747991071428574,0.11065886789879453
mixed,0.6775,0.12918274582227235
motor,0.8153361992945328,0.14797915020438915
