task,Mean,Std
mem,0.5411607142857143,0.10599390450496575
mixed,0.5383035714285713,0.09577092358954677
motor,0.5263271604938271,0.0963760483010196
