task,Mean,Std
mem,0.5365401785714287,0.09541714369481315
mixed,0.5148214285714284,0.1009633789851741
motor,0.5390024250440917,0.10568481579404748
