task,Mean,Std
mem,0.5405580357142857,0.09244467622056973
mixed,0.5462500000000001,0.09746910932560773
motor,0.5703582451499115,0.08834474724684349
