,Mean,Std
mixed,0.9062500000000001,0.09425459443140463
motor,0.9687500000000001,0.03720119045714226
mem,0.94375,0.07288689868556623
