,Mean,Std
mixed,0.9437500000000001,0.03204349722308277
motor,0.9625,0.04432026302139591
mem,0.9500000000000001,0.04629100498862756
