task,Mean,Std
mem,0.8495982142857139,0.10131075818503171
mixed,0.6858035714285717,0.1253641125453601
motor,0.804530423280423,0.1447872823181769
