,Mean,Std
mixed,0.83125,0.09977653603356425
motor,0.9375,0.06408699444616556
mem,0.896875,0.07610788864687885
