acc,train,frames
0.945,MSC01,100
0.7350000000000001,MSC02,100
0.7062499999999999,MSC03,100
0.9100000000000001,MSC04,100
0.9549999999999998,MSC05,100
0.7949999999999999,MSC06,100
0.9199999999999999,MSC07,100
0.8777777777777778,MSC10,100
