acc,train,frames
0.89,MSC01,10
0.755,MSC02,10
0.7687499999999999,MSC03,10
0.8949999999999999,MSC04,10
0.6649999999999999,MSC05,10
0.5,MSC06,10
0.8,MSC07,10
0.805,MSC10,10
