acc,train,frames
0.95,MSC01,125
0.7100000000000001,MSC02,125
0.7666666666666666,MSC03,125
0.945,MSC04,125
0.7899999999999999,MSC05,125
0.78,MSC06,125
0.9049999999999999,MSC07,125
0.8333333333333333,MSC10,125
