acc,train,frames
0.945,MSC01,150
0.745,MSC02,150
0.77,MSC03,150
0.95,MSC04,150
0.8950000000000001,MSC05,150
0.76,MSC06,150
0.8949999999999999,MSC07,150
0.84375,MSC10,150
