acc,train,frames
0.9349999999999999,MSC01,15
0.73,MSC02,15
0.6125,MSC03,15
0.9099999999999999,MSC04,15
0.9349999999999999,MSC05,15
0.745,MSC06,15
0.885,MSC07,15
0.6399999999999999,MSC10,15
