acc,train,frames
0.945,MSC01,175
0.74,MSC02,175
0.7625,MSC03,175
0.9444444444444444,MSC04,175
0.8399999999999999,MSC05,175
0.7699999999999999,MSC06,175
0.9199999999999999,MSC07,175
0.8071428571428572,MSC10,175
