acc,train,frames
0.945,MSC01,200
0.7150000000000001,MSC02,200
0.7875000000000001,MSC03,200
0.8777777777777778,MSC04,200
0.8699999999999999,MSC05,200
0.7849999999999999,MSC06,200
0.82,MSC07,200
0.8214285714285715,MSC10,200
