acc,train,frames
0.9000000000000001,MSC01,20
0.625,MSC02,20
0.8187500000000001,MSC03,20
0.85,MSC04,20
0.945,MSC05,20
0.7699999999999999,MSC06,20
0.7899999999999999,MSC07,20
0.835,MSC10,20
