acc,train,frames
0.9375000000000001,MSC01,225
0.7649999999999999,MSC02,225
0.8,MSC03,225
0.8944444444444444,MSC04,225
0.8499999999999999,MSC05,225
0.755,MSC06,225
0.925,MSC07,225
0.7928571428571428,MSC10,225
