acc,train,frames
0.9437500000000001,MSC01,250
0.755,MSC02,250
0.6833333333333335,MSC03,250
0.9166666666666669,MSC04,250
0.8499999999999999,MSC05,250
0.7222222222222222,MSC06,250
0.8949999999999999,MSC07,250
0.7571428571428572,MSC10,250
