acc,train,frames
0.9000000000000001,MSC01,25
0.515,MSC02,25
0.625,MSC03,25
0.9000000000000001,MSC04,25
0.8599999999999998,MSC05,25
0.8149999999999998,MSC06,25
0.8600000000000001,MSC07,25
0.8249999999999998,MSC10,25
