acc,train,frames
0.9357142857142858,MSC01,275
0.725,MSC02,275
0.6333333333333333,MSC03,275
0.9166666666666666,MSC04,275
0.8499999999999999,MSC05,275
0.7833333333333333,MSC06,275
0.9149999999999998,MSC07,275
0.76,MSC10,275
