acc,train,frames
0.93,MSC01,300
0.7300000000000001,MSC02,300
0.7000000000000001,MSC03,300
0.942857142857143,MSC04,300
0.86,MSC05,300
0.7833333333333333,MSC06,300
0.8549999999999999,MSC07,300
0.55,MSC10,300
