acc,train,frames
0.96,MSC01,30
0.585,MSC02,30
0.54375,MSC03,30
0.9549999999999998,MSC04,30
0.9,MSC05,30
0.7499999999999999,MSC06,30
0.76,MSC07,30
0.745,MSC10,30
