acc,train,frames
0.7833333333333333,MSC01,325
0.65,MSC02,325
0.6833333333333332,MSC03,325
0.9166666666666666,MSC04,325
0.8444444444444443,MSC05,325
0.7611111111111111,MSC06,325
0.825,MSC07,325
9999,MSC10,325
