acc,train,frames
0.9399999999999998,MSC01,40
0.6950000000000001,MSC02,40
0.7625,MSC03,40
0.95,MSC04,40
0.9,MSC05,40
0.7649999999999999,MSC06,40
0.78,MSC07,40
0.775,MSC10,40
