acc,train,frames
0.9,MSC01,50
0.7899999999999999,MSC02,50
0.79375,MSC03,50
0.95,MSC04,50
0.9949999999999999,MSC05,50
0.735,MSC06,50
0.7999999999999999,MSC07,50
0.905,MSC10,50
