acc,train,frames
0.875,MSC01,5
0.425,MSC02,5
0.39375,MSC03,5
0.745,MSC04,5
0.525,MSC05,5
0.765,MSC06,5
0.6549999999999999,MSC07,5
0.745,MSC10,5
