acc,train,frames
0.945,MSC01,60
0.6900000000000002,MSC02,60
0.5812499999999999,MSC03,60
0.915,MSC04,60
0.9500000000000002,MSC05,60
0.6950000000000001,MSC06,60
0.9949999999999999,MSC07,60
0.8900000000000002,MSC10,60
