acc,train,frames
0.925,MSC01,70
0.63,MSC02,70
0.6625,MSC03,70
0.905,MSC04,70
0.8950000000000001,MSC05,70
0.8049999999999999,MSC06,70
0.8499999999999999,MSC07,70
0.7150000000000001,MSC10,70
