acc,train,frames
0.9399999999999998,MSC01,80
0.7899999999999998,MSC02,80
0.6625,MSC03,80
0.95,MSC04,80
0.905,MSC05,80
0.7899999999999999,MSC06,80
0.8049999999999999,MSC07,80
0.77,MSC10,80
