acc,train,frames
0.945,MSC01,90
0.745,MSC02,90
0.65,MSC03,90
0.945,MSC04,90
0.85,MSC05,90
0.76,MSC06,90
0.9049999999999999,MSC07,90
0.9350000000000002,MSC10,90
