task,Mean,Std
mem,0.7871428571428574,0.13369523396297864
mixed,0.6767857142857144,0.13333971846183162
motor,0.7473214285714286,0.13842610199772917
