task,Mean,Std
mem,0.7853571428571432,0.1291012891381913
mixed,0.6767857142857144,0.13333971846183162
motor,0.7816964285714284,0.1397539291550893
