task,Mean,Std
mem,0.8901785714285716,0.0929074039799074
mixed,0.6934821428571427,0.13036982236858186
motor,0.7979464285714284,0.1515429035731354
