task,Mean,Std
mem,0.8901785714285712,0.0983591022072334
mixed,0.6928571428571428,0.13464720617179596
motor,0.79375,0.1522744233284106
