task,Mean,Std
mem,0.8928571428571427,0.10763092299342039
mixed,0.7017857142857142,0.1445885339708656
motor,0.8026785714285715,0.161081470876511
