,test_task,train_task,Mean,Std
0,mem,mixed,0.92,0.06702877846758917
1,mem,motor,0.6318750000000001,0.12103534017562217
2,mixed,mem,0.8106249999999999,0.10472540625027768
3,mixed,motor,0.5818749999999999,0.09881214138816288
4,motor,mem,0.8618750000000001,0.11281899219546318
5,motor,mixed,0.910625,0.08338540040078955
