,test_task,train_task,Mean,Std
0,mem,mixed,0.9125000000000001,0.08762745818846639
1,mem,motor,0.6375,0.1457737973711325
2,mixed,mem,0.7812500000000001,0.13076014027873434
3,mixed,motor,0.6,0.09636241116594317
4,motor,mem,0.8249999999999998,0.12535663410560177
5,motor,mixed,0.8875,0.1093813773650968
