,test_task,train_task,Mean,Std
0,pres1,pres2,0.86875,0.09613049166924836
1,pres1,pres3,0.7890625000000001,0.09196211855976351
2,pres2,pres1,0.8109375,0.10120645006971783
3,pres2,pres3,0.80625,0.06781013409302687
4,pres3,pres1,0.6687500000000001,0.14623244705409455
5,pres3,pres2,0.7421875,0.14561101251033767
