,test_task,train_task,Mean,Std
0,mem,mixed,0.9356249999999999,0.07641229800048081
1,mem,motor,0.690625,0.1776520978123896
2,mixed,mem,0.799375,0.10628255803685353
3,mixed,motor,0.62,0.10074720839804946
4,motor,mem,0.83375,0.11284470998424584
5,motor,mixed,0.939375,0.04204058413349793
