task,Mean,Std
mem,0.8189062500000002,0.13933732419840972
mixed,0.691696428571429,0.12287568287321314
motor,0.8240795855379188,0.12951442225755125
