task,Mean,Std
mem,0.8914732142857142,0.09717723590724027
mixed,0.7007142857142856,0.12021355456560924
motor,0.8341313932980602,0.14699639785191654
