task,Mean,Std
mem,0.6141964285714286,0.10150526983952514
mixed,0.6026785714285714,0.09400176151983093
motor,0.6953494268077604,0.09394922893917619
