task,Mean,Std
mem,0.8719642857142856,0.10626079013201678
mixed,0.6955357142857143,0.13627071509391808
motor,0.8189737654320989,0.13117646687398896
