task,Mean,Std
mem,0.5756919642857145,0.10874749726557377
mixed,0.5210714285714285,0.12329828681886675
motor,0.561680996472663,0.10015621777792
