task,Mean,Std
mem,0.8870312499999998,0.11346394163405561
mixed,0.7083928571428572,0.13096532206815506
motor,0.8309567901234569,0.1367857409136407
