task,Mean,Std
mem,0.8372991071428573,0.1330664941404284
mixed,0.68,0.1330550125460757
motor,0.832035934744268,0.1352498820178442
