task,Mean,Std
mem,0.8812946428571429,0.09856497749688295
mixed,0.6955357142857143,0.13097077596106754
motor,0.8240729717813048,0.13536447401519605
