task,Mean,Std
mem,0.8721428571428572,0.11290827791078573
mixed,0.6854464285714286,0.12945787937575504
motor,0.8079111552028216,0.14517901735716576
