task,Mean,Std
mem,0.8799999999999999,0.10730399679076606
mixed,0.6899107142857142,0.1287897902200911
motor,0.8372045855379192,0.138059650818364
