task,Mean,Std
mem,0.7735491071428572,0.12124233265019702
mixed,0.6291964285714287,0.11515908674412223
motor,0.7005875220458553,0.13258912783140384
