task,Mean,Std
mem,0.5704241071428572,0.10105699246692947
mixed,0.5382142857142858,0.1109521951580482
motor,0.5345337301587302,0.11486594381864057
