task,Mean,Std
mem,0.5686383928571429,0.11770491724920776
mixed,0.5586607142857142,0.09701214109316689
motor,0.5454684744268077,0.13291860083010093
