task,Mean,Std
mem,0.8709151785714285,0.10440455925243307
mixed,0.709642857142857,0.13571647298305775
motor,0.8099371693121691,0.13732968695460357
