task,Mean,Std
mem,0.8528794642857144,0.10789434005577604
mixed,0.6914285714285713,0.12772027064044117
motor,0.8372332451499117,0.14970909013983374
