task,Mean,Std
mem,0.892924107142857,0.09763460312031301
mixed,0.7005357142857144,0.12181460791423458
motor,0.8165509259259259,0.14146470964853608
