task,Mean,Std
mem,0.7446428571428572,0.12412253711868453
mixed,0.6476785714285712,0.11404530314235291
motor,0.743478835978836,0.13698317584835581
