task,Mean,Std
mem,0.5942410714285715,0.11521710696338885
mixed,0.5833928571428572,0.09648413502585965
motor,0.5818044532627866,0.09502132669451938
