task,Mean,Std
mem,0.70140625,0.14913349390959033
mixed,0.6141964285714286,0.1037294417121874
motor,0.742692901234568,0.12064634085026184
