task,Mean,Std
mem,0.8854464285714284,0.10703611024371117
mixed,0.7005357142857142,0.13064065416048912
motor,0.8238668430335095,0.13349348854397003
