task,Mean,Std
mem,0.8931026785714284,0.10016548553616063
mixed,0.699732142857143,0.13027041680100085
motor,0.8303406084656084,0.14098290741057554
