task,Mean,Std
mem,0.8018749999999999,0.1211376001983619
mixed,0.6530357142857143,0.11274540333878799
motor,0.7663944003527334,0.1093395836659008
