task,Mean,Std
mem,0.88671875,0.09506324524542022
mixed,0.7175892857142857,0.1250526837029046
motor,0.8281746031746033,0.12348275532628145
