task,Mean,Std
mem,0.6264285714285714,0.10527707721537956
mixed,0.6075892857142859,0.12304467433870057
motor,0.6805346119929455,0.12462127703387882
