task,Mean,Std
mem,0.7825669642857145,0.1281628091980118
mixed,0.6370535714285713,0.10948132587014879
motor,0.7502325837742502,0.14713313861511298
