task,Mean,Std
mem,0.894017857142857,0.09953006463493211
mixed,0.701339285714286,0.13269065552982645
motor,0.8258928571428571,0.1422006794482702
