task,Mean,Std
mem,0.8893080357142856,0.10235547450686734
mixed,0.7208035714285714,0.12299584910111354
motor,0.8242030423280422,0.1456372732520597
