task,Mean,Std
mem,0.8126116071428572,0.11983920969785508
mixed,0.7033035714285717,0.11952282697807635
motor,0.7798842592592591,0.12866482499035714
