task,Mean,Std
mem,0.6117187499999999,0.12091708337177326
mixed,0.5578571428571429,0.09300467799992712
motor,0.6234281305114637,0.11513768305855127
