task,Mean,Std
mem,0.8444866071428573,0.10257363673836355
mixed,0.6559821428571427,0.13681247830800825
motor,0.7721241181657847,0.15291465363598414
