task,Mean,Std
mem,0.6331919642857144,0.1248027807006594
mixed,0.5754464285714285,0.10797001597966609
motor,0.5641093474426808,0.08903446572820244
