task,Mean,Std
mem,0.7040624999999997,0.11534982612194801
mixed,0.6005357142857143,0.12829539271621482
motor,0.6634887566137566,0.11532375404224816
