task,Mean,Std
mem,0.7115848214285717,0.10205153863685422
mixed,0.6526785714285717,0.12204680281728841
motor,0.7767537477954144,0.10930954461596709
