task,Mean,Std
mem,0.8685937499999999,0.11282983529614206
mixed,0.6880357142857143,0.12790507336383417
motor,0.8355533509700178,0.14203156888723523
