task,Mean,Std
mem,0.7130580357142856,0.13823602996219111
mixed,0.6397321428571431,0.11704862875534465
motor,0.7329971340388007,0.11189459516310303
