,test_task,train_task,Mean,Std
0,mem,mixed,0.6503571428571427,0.12677057710990836
1,mem,motor,0.5925000000000001,0.08694303255057825
2,mixed,mem,0.6209821428571429,0.12324188943572842
3,mixed,motor,0.5673214285714285,0.08473468907400045
4,motor,mem,0.6169642857142856,0.1315352651345865
5,motor,mixed,0.6327678571428573,0.12947066934552875
