,test_task,train_task,Mean,Std
0,mem,mixed,0.8912500000000001,0.08679820603807761
1,mem,motor,0.6475000000000001,0.08936282384590526
2,mixed,mem,0.8287499999999999,0.061339220731926505
3,mixed,motor,0.6237499999999999,0.06116429864366493
4,motor,mem,0.886875,0.06430604837138461
5,motor,mixed,0.896875,0.06425048637948204
