task,Mean,Std
mem,0.5444866071428571,0.10327665207017836
mixed,0.551607142857143,0.09639929810597522
motor,0.5259656084656085,0.09684594595257977
