,Mean,Std
mixed,0.9062500000000001,0.09425459443140463
motor,0.9736111111111112,0.028288947493050203
mem,0.9328124999999999,0.08580956386091237
