,test_task,train_task,Mean,Std
0,pres1,pres2,0.9146875000000001,0.07892624834978174
1,pres1,pres3,0.82421875,0.09600720187829659
2,pres2,pres1,0.8416406249999999,0.08816642738259677
3,pres2,pres3,0.8421093749999999,0.0574756717749531
4,pres3,pres1,0.73875,0.11682557205387137
5,pres3,pres2,0.7877734375000001,0.1305189501904492
