,test_task,train_task,Mean,Std
0,mem,mixed,0.924375,0.07389362528082423
1,mem,motor,0.6325,0.10395740886123918
2,mixed,mem,0.815625,0.10414404516273186
3,mixed,motor,0.5824999999999999,0.10010708552059924
4,motor,mem,0.87625,0.12097077569160483
5,motor,mixed,0.9137500000000001,0.08609587678861283
