,test_task,train_task,Mean,Std
0,mem,mixed,0.9187500000000001,0.08425090080061033
1,mem,motor,0.6375000000000001,0.11259916264596032
2,mixed,mem,0.7875000000000001,0.12464234547582248
3,mixed,motor,0.5875,0.09543135154205276
4,motor,mem,0.8624999999999999,0.11259916264596032
5,motor,mixed,0.9,0.11338934190276816
