,test_task,train_task,Mean,Std
0,mem,mixed,0.7830357142857143,0.14717855133825028
1,mem,motor,0.6955357142857143,0.1362740506593859
2,mixed,mem,0.7071428571428567,0.14347269978785368
3,mixed,motor,0.6473214285714288,0.12912982996586414
4,motor,mem,0.7714285714285716,0.14797332156880136
5,motor,mixed,0.7705357142857141,0.14978068382389378
