,test_task,train_task,Mean,Std
0,mem,mixed,0.7803571428571429,0.14883748655025517
1,mem,motor,0.6848214285714286,0.13548553859667517
2,mixed,mem,0.6821428571428568,0.13665769160689298
3,mixed,motor,0.6401785714285716,0.1329455263896194
4,motor,mem,0.7508928571428574,0.1402890105942247
5,motor,mixed,0.7544642857142856,0.1434246034790296
