,Mean,Std
mixed,0.925,0.04629100498862756
motor,0.9625000000000001,0.023145502494313807
mem,0.95,0.05345224838248488
