,test_task,train_task,Mean,Std
0,mem,mixed,0.62125,0.12563410592442076
1,mem,motor,0.5970486111111111,0.1312832587826647
2,mixed,mem,0.68546875,0.10094185362128036
3,mixed,motor,0.6456250000000001,0.07504462957848106
4,motor,mem,0.5765451388888888,0.11618090096866085
5,motor,mixed,0.5861111111111111,0.08381921841476081
