,Mean,Std
mixed,0.98125,0.02587745847533831
motor,0.9812500000000001,0.025877458475338306
mem,0.9812500000000001,0.02587745847533831
