,Mean,Std
mixed,0.9625,0.03535533905932738
motor,0.975,0.03779644730092272
mem,0.9750000000000001,0.03779644730092272
