task,Mean,Std
mem,0.6020089285714285,0.08101125012060913
mixed,0.5720535714285714,0.08555581264836468
motor,0.6338789682539682,0.10141078923193304
