,Mean,Std
mixed,0.9,0.06546536707079767
motor,0.88125,0.059386746958271015
mem,0.89375,0.07288689868556625
