,Mean,Std
mixed,0.9187500000000001,0.06512350903146594
motor,0.975,0.053452248382484885
mem,0.9875,0.03535533905932737
