,Mean,Std
mixed,0.78125,0.1412634317254722
motor,0.9083333333333332,0.08728715609439694
mem,0.8541666666666667,0.0982990254921096
