,Mean,Std
mixed,0.8437500000000001,0.10500850305706538
motor,0.85625,0.06781013409302689
mem,0.8249999999999998,0.05345224838248487
