,Mean,Std
mixed,0.9743055555555556,0.03836811166770299
motor,0.99375,0.017677669529663705
mem,0.9517361111111112,0.04730239459468763
