Row,MSC01,MSC02,MSC03,MSC04,MSC05,MSC06,MSC07,MSC10
MSC01,0,0.75875,0.8703125,0.75,0.75,0.75,0.75,0.75
MSC02,0.75,0,0.7890625,0.75,0.75,0.75,0.75,0.75
MSC03,0.75,0.75,0,0.75,0.75,0.75,0.75,0.75
MSC04,0.75,0.75375,0.87421875,0,0.75625,0.758333333333333,0.75,0.75
MSC05,0.75,0.751875,0.91171875,0.75,0,0.76875,0.75,0.75
MSC06,0.75,0.754166666666667,0.949652777777778,0.75,0.752083333333333,0,0.75,0.75
MSC07,0.75,0.75,0.813368055555556,0.75,0.75,0.75,0,0.75
MSC10,0.75,0.75,0.90546875,0.75,0.75,0.75,0.75,0
