train,same_sub,diff_sub
MSC01,0.84,0.527536231884058
MSC02,0.8400000000000001,0.42695652173913046
MSC03,0.875,0.4474063400576369
MSC04,0.88,0.5831884057971014
MSC05,0.9,0.543768115942029
MSC06,0.9111111111111111,0.5190521934037784
MSC07,0.8666666666666667,0.39145793192035966
MSC10,0.78,0.46260869565217394
