sub,mixed,motor,mem
MSC01,0.9,0.9,0.65
MSC02,0.7,0.5,0.55
MSC03,0.65,0.55,0.22916666666666666
MSC04,0.75,0.7,0.55
MSC05,0.6,0.65,0.6
MSC06,0.45,0.6851851851851851,0.6
MSC07,0.4,0.537037037037037,0.45
MSC10,0.75,0.55,0.65
