,test_task,train_task,Mean,Std
0,mem,mixed,0.9493750000000001,0.05640652824426824
1,mem,motor,0.733125,0.14252662658505
2,mixed,mem,0.8606250000000001,0.08748214103461345
3,mixed,motor,0.65,0.10951190411483656
4,motor,mem,0.8762500000000001,0.09417878135303547
5,motor,mixed,0.8987499999999999,0.09241791724861265
