task,Mean,Std
mem,0.6795535714285715,0.10264801634586156
mixed,0.6645535714285714,0.10798685435869364
motor,0.6411607142857143,0.11285949056410634
