,test_task,train_task,Mean,Std
0,mem,mixed,0.850625,0.15307415336552221
1,mem,motor,0.629375,0.10424687388255686
2,mixed,mem,0.641875,0.11889183259224691
3,mixed,motor,0.58875,0.12949765579786712
4,motor,mem,0.7774999999999999,0.11373528162234567
5,motor,mixed,0.8587499999999999,0.0900694176732591
