,test_task,train_task,Mean,Std
0,mem,mixed,0.9137500000000001,0.1216772663354052
1,mem,motor,0.6937500000000001,0.17539241716790377
2,mixed,mem,0.8150000000000001,0.12346196638178553
3,mixed,motor,0.623125,0.10302348899990864
4,motor,mem,0.8350000000000001,0.1240391643220571
5,motor,mixed,0.921875,0.038073003183733294
