Test_variables,mem,mixed,motor
mem,1.0,0.75,0.16666666666666666
mixed,0.6666666666666666,1.0,0.16666666666666666
motor,0.5833333333333334,0.75,1.0
