Test_variables,mem,mixed,motor
mem,1.0,1.0,0.8333333333333334
mixed,0.75,1.0,0.3333333333333333
motor,1.0,1.0,1.0
