Test_variables,mem,mixed,motor
mem,1.0,1.0,0.75
mixed,0.9166666666666666,1.0,0.6666666666666666
motor,0.9166666666666666,0.9166666666666666,1.0
