Test_variables,mem,mixed,motor
mem,1.0,1.0,0.8333333333333334
mixed,0.5833333333333334,1.0,0.5
motor,0.9166666666666666,0.9166666666666666,1.0
