Test_variables,mem,mixed,motor
mem,1.0,1.0,0.9166666666666666
mixed,0.9166666666666666,1.0,0.5833333333333334
motor,1.0,1.0,1.0
