Test_variables,mem,mixed,motor
mem,1.0,1.0,0.8333333333333334
mixed,0.75,1.0,0.4166666666666667
motor,1.0,1.0,1.0
