Test_variables,mem,mixed,motor
mem,1.0,0.9166666666666666,0.5
mixed,0.9166666666666666,1.0,0.25
motor,0.9166666666666666,0.9166666666666666,1.0
