Test_Variable,Mean,Std
mem,0.6979166666666666,0.27867909329018037
mixed,0.5833333333333334,0.2670136631266203
motor,0.8854166666666667,0.12499999999999999
