,Mean,Std
mixed,0.8875,0.08345229603962799
motor,0.88125,0.07529703086538578
mem,0.86875,0.08838834764831845
