,test_task,train_task,Mean,Std
0,mem,mixed,0.7111607142857143,0.13875744393276077
1,mem,motor,0.6911607142857145,0.1308850678038789
2,mixed,mem,0.7322321428571428,0.11070813242221904
3,mixed,motor,0.646517857142857,0.11479990355894404
4,motor,mem,0.7297321428571427,0.1300189484192668
5,motor,mixed,0.6528571428571427,0.1297019560476919
