task,Mean,Std
mem,0.6835714285714288,0.11141941354308822
mixed,0.6644642857142858,0.09334042567363329
motor,0.6505357142857141,0.10894818856781324
