,Mean,Std
mixed,0.91875,0.06512350903146594
motor,0.9750000000000001,0.026726124191242463
mem,0.95,0.04629100498862758
