task,Mean,Std
mem,0.8384821428571431,0.12231078017923011
mixed,0.626875,0.12449739865847505
motor,0.8007142857142856,0.1472210106405535
