task,Mean,Std
mem,0.8549107142857141,0.11943994714510708
mixed,0.6826785714285712,0.13814670820187136
motor,0.8273214285714287,0.12635794857796312
