acc,train,test,frames,analysis
"(0.6, [0.6, 0.55, 0.65, 0.6, 0.6, 0.6, 0.6, 0.65, 0.55, 0.6])",MSC01,MSC10,100,BS
"(0.59, [0.6, 0.55, 0.5, 0.7, 0.6, 0.65, 0.6, 0.55, 0.5, 0.65])",MSC02,MSC10,100,BS
"(0.6125, [0.55, 0.7, 0.6, 0.55, 0.55, 0.55, 0.75, 0.65])",MSC03,MSC10,100,BS
"(0.7950000000000002, [0.9, 0.7, 0.75, 0.85, 0.7, 0.75, 0.7, 0.9, 0.9, 0.8])",MSC04,MSC10,100,BS
"(0.665, [0.65, 0.75, 0.65, 0.75, 0.6, 0.5, 0.6, 0.75, 0.7, 0.7])",MSC05,MSC10,100,BS
"(0.685, [0.6, 0.65, 0.8, 0.6, 0.75, 0.8, 0.7, 0.5, 0.75, 0.7])",MSC06,MSC10,100,BS
"(0.6649999999999999, [0.55, 0.5, 0.65, 0.45, 0.75, 0.85, 0.75, 0.7, 0.85, 0.6])",MSC07,MSC10,100,BS
"(0.8333333333333333, [0.85, 0.8, 0.9, 0.9, 0.8, 0.8, 0.8, 0.8, 0.85])",MSC10,MSC10,100,BS
