acc,train,test,frames,analysis
"(0.57, [0.5, 0.5, 0.55, 0.7, 0.6, 0.5, 0.5, 0.5, 0.5, 0.85])",MSC01,MSC10,10,BS
"(0.53, [0.55, 0.5, 0.45, 0.5, 0.55, 0.75, 0.5, 0.5, 0.5, 0.5])",MSC02,MSC10,10,BS
"(0.50625, [0.5, 0.5, 0.5, 0.5, 0.55, 0.5, 0.5, 0.5])",MSC03,MSC10,10,BS
"(0.675, [0.6, 0.75, 0.75, 0.6, 0.65, 0.95, 0.65, 0.55, 0.7, 0.55])",MSC04,MSC10,10,BS
"(0.5600000000000002, [0.5, 0.5, 0.6, 0.45, 0.6, 0.7, 0.65, 0.65, 0.5, 0.45])",MSC05,MSC10,10,BS
"(0.525, [0.55, 0.55, 0.5, 0.5, 0.5, 0.65, 0.5, 0.5, 0.5, 0.5])",MSC06,MSC10,10,BS
"(0.53, [0.55, 0.55, 0.55, 0.55, 0.5, 0.55, 0.55, 0.5, 0.5, 0.5])",MSC07,MSC10,10,BS
"(0.9549999999999998, [0.95, 1.0, 0.95, 0.95, 0.95, 0.95, 0.95, 0.95, 0.95, 0.95])",MSC10,MSC10,10,BS
