acc,train,test,frames,analysis
"(0.595, [0.6, 0.6, 0.6, 0.6, 0.6, 0.6, 0.6, 0.6, 0.55, 0.6])",MSC01,MSC10,125,BS
"(0.6549999999999999, [0.65, 0.7, 0.55, 0.7, 0.65, 0.75, 0.6, 0.6, 0.6, 0.75])",MSC02,MSC10,125,BS
"(0.7999999999999999, [0.75, 0.8, 0.85, 0.7, 0.8, 0.9])",MSC03,MSC10,125,BS
"(0.8800000000000001, [0.9, 0.85, 0.75, 0.95, 0.8, 0.95, 0.75, 0.95, 0.95, 0.95])",MSC04,MSC10,125,BS
"(0.6400000000000001, [0.65, 0.65, 0.65, 0.75, 0.6, 0.55, 0.6, 0.65, 0.65, 0.65])",MSC05,MSC10,125,BS
"(0.78, [0.65, 0.9, 0.7, 0.9, 0.75, 0.8, 0.9, 0.5, 0.9, 0.8])",MSC06,MSC10,125,BS
"(0.635, [0.55, 0.75, 0.6, 0.85, 0.5, 0.7, 0.55, 0.5, 0.55, 0.8])",MSC07,MSC10,125,BS
"(0.8888888888888888, [0.9, 0.9, 0.9, 0.9, 0.85, 0.9, 0.85, 0.9, 0.9])",MSC10,MSC10,125,BS
