acc,train,test,frames,analysis
"(0.825, [0.65, 0.9, 0.75, 0.9, 0.9, 0.55, 0.9, 0.95, 0.9, 0.85])",MSC02,MSC07,150,BS
"(0.8299999999999998, [0.9, 0.8, 0.9, 0.85, 0.75, 0.85, 0.75, 0.8, 0.8, 0.9])",MSC04,MSC07,150,BS
"(0.675, [0.6, 0.65, 0.7, 0.7, 0.6, 0.7, 0.6, 0.7, 0.8, 0.7])",MSC05,MSC07,150,BS
"(0.5899999999999999, [0.85, 0.65, 0.55, 0.55, 0.5, 0.55, 0.6, 0.5, 0.6, 0.55])",MSC06,MSC07,150,BS
"(0.7899999999999999, [0.85, 0.8, 0.85, 0.8, 0.8, 0.75, 0.7, 0.75, 0.85, 0.75])",MSC07,MSC07,150,BS
