acc,train,test,frames,analysis
"(0.535, [0.5, 0.5, 0.55, 0.6, 0.5, 0.5, 0.5, 0.5, 0.5, 0.7])",MSC01,MSC10,15,BS
"(0.52, [0.5, 0.5, 0.5, 0.5, 0.5, 0.7, 0.5, 0.5, 0.5, 0.5])",MSC02,MSC10,15,BS
"(0.78125, [0.8, 0.65, 0.85, 0.55, 0.85, 0.85, 0.85, 0.85])",MSC03,MSC10,15,BS
"(0.525, [0.5, 0.65, 0.5, 0.5, 0.5, 0.55, 0.5, 0.5, 0.55, 0.5])",MSC04,MSC10,15,BS
"(0.5, [0.5, 0.5, 0.5, 0.5, 0.5, 0.5, 0.5, 0.5, 0.5, 0.5])",MSC05,MSC10,15,BS
"(0.495, [0.5, 0.45, 0.55, 0.5, 0.5, 0.45, 0.5, 0.5, 0.5, 0.5])",MSC06,MSC10,15,BS
"(0.51, [0.5, 0.5, 0.5, 0.5, 0.55, 0.5, 0.5, 0.5, 0.55, 0.5])",MSC07,MSC10,15,BS
"(0.6849999999999999, [0.65, 0.75, 0.7, 0.65, 0.75, 0.65, 0.65, 0.8, 0.65, 0.6])",MSC10,MSC10,15,BS
