acc,train,test,frames,analysis
"(0.8150000000000001, [0.8, 0.75, 0.7, 0.9, 0.9, 0.65, 0.75, 0.9, 0.85, 0.95])",MSC02,MSC07,175,BS
"(0.7666666666666668, [0.7, 0.6, 0.95, 0.7, 0.7, 0.7, 0.9, 1.0, 0.65])",MSC04,MSC07,175,BS
"(0.785, [0.65, 0.75, 0.8, 0.85, 0.75, 0.75, 0.75, 0.85, 0.9, 0.8])",MSC05,MSC07,175,BS
"(0.5449999999999999, [0.8, 0.55, 0.5, 0.5, 0.5, 0.5, 0.5, 0.5, 0.55, 0.55])",MSC06,MSC07,175,BS
"(0.8100000000000002, [0.9, 0.8, 0.8, 0.85, 0.8, 0.85, 0.7, 0.75, 0.9, 0.75])",MSC07,MSC07,175,BS
