acc,train,test,frames,analysis
"(0.8, [0.6, 0.8, 0.65, 0.9, 0.85, 0.65, 0.75, 0.9, 0.9, 1.0])",MSC02,MSC07,200,BS
"(0.8055555555555556, [0.95, 0.6, 0.8, 0.8, 0.75, 0.7, 0.95, 0.8, 0.9])",MSC04,MSC07,200,BS
"(0.76, [0.6, 0.75, 0.8, 0.85, 0.7, 0.7, 0.75, 0.8, 0.85, 0.8])",MSC05,MSC07,200,BS
"(0.525, [0.75, 0.5, 0.5, 0.5, 0.5, 0.5, 0.5, 0.5, 0.5, 0.5])",MSC06,MSC07,200,BS
"(0.8149999999999998, [0.9, 0.8, 0.85, 0.8, 0.8, 0.85, 0.75, 0.8, 0.85, 0.75])",MSC07,MSC07,200,BS
