acc,train,test,frames,analysis
"(0.775, [0.8, 0.7, 0.6, 0.8, 0.8, 0.85, 0.75, 0.8, 0.75, 0.9])",MSC02,MSC07,225,BS
"(0.7777777777777779, [0.8, 0.65, 0.8, 0.7, 0.75, 0.7, 1.0, 0.7, 0.9])",MSC04,MSC07,225,BS
"(0.7299999999999999, [0.5, 0.8, 0.75, 0.85, 0.65, 0.6, 0.75, 0.75, 0.85, 0.8])",MSC05,MSC07,225,BS
"(0.515, [0.65, 0.5, 0.5, 0.5, 0.5, 0.5, 0.5, 0.5, 0.5, 0.5])",MSC06,MSC07,225,BS
"(0.82, [0.9, 0.85, 0.85, 0.9, 0.8, 0.75, 0.75, 0.75, 0.9, 0.75])",MSC07,MSC07,225,BS
