acc,train,test,frames,analysis
"(0.7550000000000001, [0.6, 0.7, 0.65, 0.8, 0.75, 0.9, 0.75, 0.75, 0.75, 0.9])",MSC02,MSC07,275,BS
"(0.8055555555555557, [0.65, 0.9, 0.8, 0.9, 0.9, 0.9, 0.65, 0.8, 0.75])",MSC04,MSC07,275,BS
"(0.5799999999999998, [0.5, 0.6, 0.55, 0.6, 0.55, 0.5, 0.5, 0.6, 0.8, 0.6])",MSC05,MSC07,275,BS
"(0.5388888888888889, [0.8, 0.5, 0.5, 0.5, 0.5, 0.5, 0.5, 0.5, 0.55])",MSC06,MSC07,275,BS
"(0.89, [0.9, 0.9, 0.9, 0.95, 0.9, 0.85, 0.85, 0.85, 0.9, 0.9])",MSC07,MSC07,275,BS
