acc,train,test,frames,analysis
"(0.77, [0.6, 0.8, 0.8, 0.85, 0.65, 0.8, 0.75, 0.8, 0.75, 0.9])",MSC02,MSC07,300,BS
"(0.6357142857142856, [0.6, 0.7, 0.55, 0.75, 0.55, 0.65, 0.65])",MSC04,MSC07,300,BS
"(0.705, [0.6, 0.8, 0.75, 0.75, 0.65, 0.65, 0.6, 0.65, 0.8, 0.8])",MSC05,MSC07,300,BS
"(0.5222222222222223, [0.7, 0.5, 0.5, 0.5, 0.5, 0.5, 0.5, 0.5, 0.5])",MSC06,MSC07,300,BS
"(0.9250000000000002, [0.95, 0.95, 1.0, 0.95, 0.9, 0.9, 0.9, 0.9, 0.9, 0.9])",MSC07,MSC07,300,BS
