acc,train,test,frames,analysis
"(0.5900000000000001, [0.5, 0.5, 0.7, 0.55, 0.5, 0.55, 0.5, 0.65, 0.7, 0.75])",MSC01,MSC10,30,BS
"(0.505, [0.5, 0.5, 0.5, 0.5, 0.5, 0.55, 0.5, 0.5, 0.5, 0.5])",MSC02,MSC10,30,BS
"(0.625, [0.8, 0.65, 0.5, 0.5, 0.6, 0.5, 0.65, 0.8])",MSC03,MSC10,30,BS
"(0.7899999999999999, [0.75, 0.6, 0.75, 0.95, 0.7, 0.85, 0.8, 0.95, 0.7, 0.85])",MSC04,MSC10,30,BS
"(0.5, [0.5, 0.5, 0.5, 0.5, 0.5, 0.5, 0.5, 0.5, 0.5, 0.5])",MSC05,MSC10,30,BS
"(0.54, [0.5, 0.5, 0.6, 0.5, 0.7, 0.6, 0.5, 0.5, 0.5, 0.5])",MSC06,MSC10,30,BS
"(0.5, [0.5, 0.5, 0.5, 0.5, 0.5, 0.5, 0.5, 0.5, 0.5, 0.5])",MSC07,MSC10,30,BS
"(0.6349999999999999, [0.6, 0.7, 0.65, 0.65, 0.6, 0.65, 0.6, 0.6, 0.6, 0.7])",MSC10,MSC10,30,BS
