acc,train,test,frames,analysis
"(0.7999999999999999, [0.85, 0.7, 0.9, 0.75, 0.7, 0.95, 0.75])",MSC02,MSC07,325,BS
"(0.625, [0.55, 0.85, 0.65, 0.5, 0.5, 0.7])",MSC04,MSC07,325,BS
"(0.7444444444444444, [0.7, 0.85, 0.8, 0.8, 0.65, 0.6, 0.8, 0.7, 0.8])",MSC05,MSC07,325,BS
"(0.5388888888888889, [0.8, 0.5, 0.5, 0.5, 0.5, 0.5, 0.5, 0.5, 0.55])",MSC06,MSC07,325,BS
"(0.925, [0.95, 0.95, 0.95, 0.95, 0.95, 0.85, 0.9, 0.9])",MSC07,MSC07,325,BS
