acc,train,test,frames,analysis
"(0.6050000000000001, [0.5, 0.6, 0.7, 0.55, 0.55, 0.6, 0.5, 0.65, 0.65, 0.75])",MSC01,MSC10,40,BS
"(0.505, [0.5, 0.5, 0.5, 0.5, 0.5, 0.55, 0.5, 0.5, 0.5, 0.5])",MSC02,MSC10,40,BS
"(0.65, [0.75, 0.7, 0.6, 0.5, 0.6, 0.65, 0.75, 0.65])",MSC03,MSC10,40,BS
"(0.6699999999999999, [0.55, 0.6, 0.6, 0.9, 0.6, 0.7, 0.6, 0.85, 0.55, 0.75])",MSC04,MSC10,40,BS
"(0.5349999999999999, [0.5, 0.55, 0.5, 0.75, 0.5, 0.5, 0.5, 0.5, 0.5, 0.55])",MSC05,MSC10,40,BS
"(0.5, [0.5, 0.5, 0.5, 0.5, 0.5, 0.5, 0.5, 0.5, 0.5, 0.5])",MSC06,MSC10,40,BS
"(0.45000000000000007, [0.45, 0.45, 0.45, 0.45, 0.45, 0.45, 0.45, 0.45, 0.45, 0.45])",MSC07,MSC10,40,BS
"(0.7649999999999999, [0.8, 0.8, 0.8, 0.8, 0.65, 0.7, 0.7, 0.75, 0.8, 0.85])",MSC10,MSC10,40,BS
