acc,train,test,frames,analysis
"(0.665, [0.65, 0.7, 0.7, 0.7, 0.55, 0.7, 0.6, 0.7, 0.65, 0.7])",MSC01,MSC10,50,BS
"(0.6699999999999999, [0.65, 0.55, 0.8, 0.75, 0.55, 0.8, 0.75, 0.55, 0.5, 0.8])",MSC02,MSC10,50,BS
"(0.6249999999999999, [0.7, 0.7, 0.65, 0.5, 0.55, 0.6, 0.7, 0.6])",MSC03,MSC10,50,BS
"(0.575, [0.55, 0.55, 0.6, 0.7, 0.5, 0.55, 0.55, 0.7, 0.5, 0.55])",MSC04,MSC10,50,BS
"(0.6050000000000001, [0.5, 0.75, 0.55, 0.8, 0.5, 0.5, 0.6, 0.5, 0.7, 0.65])",MSC05,MSC10,50,BS
"(0.51, [0.5, 0.5, 0.55, 0.5, 0.55, 0.5, 0.5, 0.5, 0.5, 0.5])",MSC06,MSC10,50,BS
"(0.44000000000000006, [0.45, 0.45, 0.4, 0.45, 0.45, 0.4, 0.45, 0.45, 0.45, 0.45])",MSC07,MSC10,50,BS
"(0.755, [0.75, 0.75, 0.85, 0.75, 0.75, 0.7, 0.7, 0.7, 0.8, 0.8])",MSC10,MSC10,50,BS
