acc,train,test,frames,analysis
"(0.5, [0.5, 0.5, 0.5, 0.5, 0.5, 0.5, 0.5, 0.5, 0.5, 0.5])",MSC01,MSC10,5,BS
"(0.5800000000000001, [0.6, 0.45, 0.45, 0.5, 0.75, 0.75, 0.65, 0.7, 0.45, 0.5])",MSC02,MSC10,5,BS
"(0.53125, [0.5, 0.75, 0.5, 0.5, 0.5, 0.45, 0.5, 0.55])",MSC03,MSC10,5,BS
"(0.5, [0.5, 0.5, 0.5, 0.5, 0.5, 0.5, 0.5, 0.5, 0.5, 0.5])",MSC04,MSC10,5,BS
"(0.49000000000000005, [0.5, 0.4, 0.5, 0.5, 0.5, 0.5, 0.5, 0.5, 0.5, 0.5])",MSC05,MSC10,5,BS
"(0.5, [0.5, 0.5, 0.5, 0.5, 0.5, 0.5, 0.5, 0.5, 0.5, 0.5])",MSC06,MSC10,5,BS
"(0.5, [0.5, 0.5, 0.5, 0.5, 0.5, 0.5, 0.5, 0.5, 0.5, 0.5])",MSC07,MSC10,5,BS
"(0.8099999999999999, [0.95, 0.7, 0.65, 0.8, 0.85, 0.85, 0.85, 0.95, 0.7, 0.8])",MSC10,MSC10,5,BS
