acc,train,test,frames,analysis
"(0.65, [0.65, 0.7, 0.7, 0.6, 0.6, 0.65, 0.6, 0.7, 0.6, 0.7])",MSC01,MSC10,60,BS
"(0.725, [0.75, 0.8, 0.8, 0.8, 0.65, 0.7, 0.8, 0.65, 0.55, 0.75])",MSC02,MSC10,60,BS
"(0.64375, [0.65, 0.65, 0.6, 0.55, 0.6, 0.65, 0.75, 0.7])",MSC03,MSC10,60,BS
"(0.5700000000000001, [0.55, 0.55, 0.6, 0.65, 0.55, 0.55, 0.5, 0.65, 0.55, 0.55])",MSC04,MSC10,60,BS
"(0.6699999999999999, [0.5, 0.75, 0.55, 0.75, 0.5, 0.5, 0.75, 0.8, 0.75, 0.85])",MSC05,MSC10,60,BS
"(0.5449999999999999, [0.5, 0.5, 0.55, 0.5, 0.8, 0.55, 0.5, 0.55, 0.5, 0.5])",MSC06,MSC10,60,BS
"(0.53, [0.4, 0.4, 0.5, 0.45, 0.8, 0.7, 0.45, 0.65, 0.5, 0.45])",MSC07,MSC10,60,BS
"(0.7849999999999999, [0.85, 0.85, 0.85, 0.75, 0.7, 0.7, 0.75, 0.75, 0.8, 0.85])",MSC10,MSC10,60,BS
