acc,train,test,frames,analysis
"(0.635, [0.6, 0.75, 0.7, 0.55, 0.6, 0.55, 0.55, 0.8, 0.6, 0.65])",MSC01,MSC10,70,BS
"(0.73, [0.75, 0.8, 0.8, 0.75, 0.75, 0.55, 0.8, 0.7, 0.6, 0.8])",MSC02,MSC10,70,BS
"(0.5437500000000001, [0.55, 0.55, 0.5, 0.55, 0.5, 0.6, 0.6, 0.5])",MSC03,MSC10,70,BS
"(0.6749999999999999, [0.7, 0.6, 0.65, 0.8, 0.65, 0.7, 0.55, 0.75, 0.6, 0.75])",MSC04,MSC10,70,BS
"(0.615, [0.5, 0.75, 0.5, 0.65, 0.5, 0.5, 0.55, 0.75, 0.75, 0.7])",MSC05,MSC10,70,BS
"(0.6399999999999999, [0.55, 0.6, 0.6, 0.55, 0.95, 0.6, 0.6, 0.75, 0.6, 0.6])",MSC06,MSC10,70,BS
"(0.5700000000000001, [0.5, 0.45, 0.55, 0.4, 0.75, 0.8, 0.5, 0.75, 0.6, 0.4])",MSC07,MSC10,70,BS
"(0.7849999999999999, [0.8, 0.8, 0.85, 0.8, 0.75, 0.75, 0.75, 0.8, 0.75, 0.8])",MSC10,MSC10,70,BS
