acc,train,test,frames,analysis
"(0.7000000000000001, [0.7, 0.75, 0.75, 0.6, 0.6, 0.65, 0.65, 0.8, 0.75, 0.75])",MSC01,MSC10,80,BS
"(0.675, [0.75, 0.7, 0.7, 0.85, 0.65, 0.6, 0.7, 0.6, 0.5, 0.7])",MSC02,MSC10,80,BS
"(0.5625, [0.6, 0.6, 0.5, 0.55, 0.5, 0.55, 0.7, 0.5])",MSC03,MSC10,80,BS
"(0.7, [0.75, 0.65, 0.7, 0.8, 0.65, 0.75, 0.55, 0.75, 0.65, 0.75])",MSC04,MSC10,80,BS
"(0.505, [0.5, 0.55, 0.5, 0.5, 0.5, 0.5, 0.5, 0.5, 0.5, 0.5])",MSC05,MSC10,80,BS
"(0.675, [0.6, 0.8, 0.7, 0.6, 0.6, 0.75, 0.75, 0.55, 0.7, 0.7])",MSC06,MSC10,80,BS
"(0.5750000000000001, [0.5, 0.4, 0.55, 0.5, 0.85, 0.75, 0.5, 0.75, 0.55, 0.4])",MSC07,MSC10,80,BS
"(0.82, [0.85, 0.85, 0.85, 0.85, 0.8, 0.75, 0.75, 0.85, 0.8, 0.85])",MSC10,MSC10,80,BS
