acc,train,test,frames,analysis
"(0.6799999999999999, [0.75, 0.7, 0.75, 0.65, 0.6, 0.6, 0.6, 0.8, 0.75, 0.6])",MSC01,MSC10,90,BS
"(0.7100000000000001, [0.75, 0.65, 0.6, 0.85, 0.75, 0.6, 0.8, 0.65, 0.65, 0.8])",MSC02,MSC10,90,BS
"(0.6375000000000001, [0.6, 0.7, 0.6, 0.55, 0.55, 0.6, 0.8, 0.7])",MSC03,MSC10,90,BS
"(0.79, [0.9, 0.7, 0.75, 0.9, 0.7, 0.8, 0.65, 0.9, 0.75, 0.85])",MSC04,MSC10,90,BS
"(0.6050000000000001, [0.55, 0.75, 0.5, 0.65, 0.5, 0.5, 0.5, 0.7, 0.65, 0.75])",MSC05,MSC10,90,BS
"(0.645, [0.55, 0.7, 0.65, 0.55, 0.8, 0.65, 0.6, 0.65, 0.7, 0.6])",MSC06,MSC10,90,BS
"(0.625, [0.45, 0.5, 0.65, 0.4, 0.8, 0.85, 0.6, 0.75, 0.7, 0.55])",MSC07,MSC10,90,BS
"(0.8599999999999998, [0.85, 0.85, 0.95, 0.9, 0.8, 0.85, 0.8, 0.85, 0.85, 0.9])",MSC10,MSC10,90,BS
