,Mean,Std
mixed,0.9750000000000001,0.03779644730092273
motor,0.9687500000000001,0.025877458475338306
mem,0.9812500000000001,0.025877458475338306
