,Mean,Std
mixed,0.9750000000000001,0.026726124191242463
motor,0.9812500000000001,0.025877458475338306
mem,0.99375,0.017677669529663705
