,Mean,Std
mixed,0.86875,0.07039429765866793
motor,0.9062500000000001,0.07288689868556625
mem,0.9437500000000001,0.041726148019813995
