,Mean,Std
mixed,0.58125,0.13871218918527464
motor,0.7562499999999999,0.09797047660246573
mem,0.775,0.13093073414159545
