,Mean,Std
mixed,0.9625000000000001,0.035355339059327376
motor,0.93125,0.04580626906564521
mem,0.96875,0.03720119045714225
