,Mean,Std
mixed,0.8312499999999999,0.09234059624177068
motor,0.80625,0.07288689868556628
mem,0.8687499999999999,0.08425090080061035
