,Mean,Std
mixed,0.8125,0.09161253813129043
motor,0.8,0.12817398889233114
mem,0.825,0.05976143046671966
