,Mean,Std
mixed,0.975,0.03779644730092272
motor,0.9812500000000001,0.025877458475338306
mem,0.99375,0.017677669529663702
