,Mean,Std
mixed,0.975,0.03779644730092272
motor,0.9812500000000001,0.02587745847533831
mem,1.0,0.0
