,Mean,Std
mixed,0.78125,0.12799972098183876
motor,0.8375,0.10938137736509682
mem,0.8625,0.05824823725107175
