,Mean,Std
mixed,0.96875,0.04580626906564521
motor,0.96875,0.03720119045714225
mem,0.9750000000000001,0.03779644730092273
