,Mean,Std
mixed,0.9625,0.03535533905932738
motor,0.9812500000000001,0.025877458475338306
mem,0.9875,0.023145502494313807
