,Mean,Std
mixed,0.95625,0.04955156044825575
motor,0.9812500000000001,0.02587745847533831
mem,1.0,0.0
