,Mean,Std
mixed,0.8500000000000001,0.1
motor,0.825,0.08864052604279184
mem,0.7999999999999999,0.08864052604279182
