,Mean,Std
mixed,0.8875000000000001,0.11259916264596033
motor,0.91875,0.06512350903146594
mem,0.8812500000000001,0.04580626906564521
