,Mean,Std
mixed,0.96875,0.03720119045714226
motor,0.96875,0.04580626906564521
mem,0.9875,0.023145502494313807
