,Mean,Std
mixed,0.96875,0.03720119045714226
motor,0.9750000000000001,0.026726124191242463
mem,0.99375,0.017677669529663705
