,Mean,Std
mixed,0.9625,0.05824823725107175
motor,0.975,0.03779644730092272
mem,0.9812500000000001,0.025877458475338306
