,Mean,Std
mixed,0.89375,0.04955156044825572
motor,0.8312499999999999,0.08838834764831843
mem,0.8374999999999999,0.13562026818605374
