,Mean,Std
mixed,0.95625,0.04955156044825575
motor,0.96875,0.03720119045714225
mem,0.9875,0.023145502494313807
