,Mean,Std
mixed,0.8812500000000001,0.07039429765866792
motor,0.925,0.0377964473009227
mem,0.9187500000000001,0.05303300858899106
