,Mean,Std
mixed,0.9,0.10000000000000002
motor,0.8999999999999999,0.05345224838248488
mem,0.89375,0.062321172737911226
