,Mean,Std
mixed,0.9375,0.023145502494313755
motor,0.9187500000000001,0.05938674695827104
mem,0.9250000000000002,0.046291004988627565
