,Mean,Std
mixed,0.96875,0.03720119045714225
motor,0.9875,0.023145502494313807
mem,0.99375,0.017677669529663702
