,Mean,Std
mixed,0.925,0.046291004988627565
motor,0.9500000000000001,0.04629100498862756
mem,0.94375,0.07288689868556623
