,Mean,Std
mixed,0.775,0.14880476182856897
motor,0.8356481481481483,0.0983787348231949
mem,0.7859375000000001,0.10424847977651419
