task,Mean,Std
mem,0.5695535714285713,0.09082589131116485
mixed,0.5633035714285713,0.12341827176392807
motor,0.6006249999999999,0.12382561968715959
