task,Mean,Std
mem,0.8036607142857145,0.12894851358524514
mixed,0.691607142857143,0.1298394363080001
motor,0.8152678571428572,0.11445689797258396
