,Mean,Std
mixed,0.8875,0.06408699444616554
motor,0.86875,0.07039429765866792
mem,0.90625,0.04955156044825574
