,test_task,train_task,Mean,Std
0,mem,mixed,0.7035937499999999,0.07336137772064696
1,mem,motor,0.6782465277777777,0.06792167498250798
2,mixed,mem,0.7171875,0.07902799571761164
3,mixed,motor,0.6836111111111112,0.09771372360781834
4,motor,mem,0.696388888888889,0.12966787039878694
5,motor,mixed,0.7082638888888889,0.12586751436665264
