sub,mixed,motor,mem
MSC01,0.85,0.9,0.75
MSC02,0.7,0.8,0.75
MSC03,0.85,0.85,0.7916666666666666
MSC04,0.75,0.8,0.85
MSC05,0.9,0.8,0.8
MSC06,0.65,0.6296296296296295,0.8
MSC07,0.85,0.9444444444444444,0.55
MSC10,0.7,0.8,0.6
