task,Mean,Std
glass,0.5167063492063492,0.030850069557892275
mem,0.7294642857142856,0.12591006375919345
motor,0.6195535714285713,0.1238887946569763
semantic,0.5517857142857141,0.0612404246424665
