,Mean,Std
mixed,0.7875,0.10606601717798214
motor,0.6875,0.19955307206712847
mem,0.6562500000000001,0.13741880719693564
