task,Mean,Std
mem,0.8194444444444449,0.11352429940075917
mixed,0.7296685340802986,0.1653802099535193
motor,0.8060399159663864,0.125768377162936
