task,Mean,Std
mem,0.5655803571428574,0.08539778721775121
mixed,0.5651785714285714,0.11937322787152707
motor,0.5986111111111112,0.12462023118339183
