,test_task,train_task,Mean,Std
0,mem,mixed,0.93375,0.09590732133530931
1,mem,motor,0.6787500000000001,0.16513522597296695
2,mixed,mem,0.816875,0.09746565329093414
3,mixed,motor,0.609375,0.10054982773303422
4,motor,mem,0.845,0.11451762185046328
5,motor,mixed,0.9356249999999999,0.03755353321783262
