,test_task,train_task,Mean,Std
0,mem,mixed,0.7321875,0.14112707989103807
1,mem,motor,0.7204166666666667,0.10458355730493106
2,mixed,mem,0.7053125,0.09901693127223966
3,mixed,motor,0.7322916666666667,0.11808302668239914
4,motor,mem,0.725486111111111,0.11892501954327613
5,motor,mixed,0.7439583333333333,0.11110811007851974
