,test_task,train_task,Mean,Std
0,mem,mixed,0.5485491071428572,0.08781494514088929
1,mem,motor,0.5686755952380953,0.09359878363622154
2,mixed,mem,0.5498437500000001,0.0827472405815664
3,mixed,motor,0.5565575396825398,0.08757362909155648
4,motor,mem,0.5865699404761904,0.08463076666565265
5,motor,mixed,0.5848511904761905,0.09283147246026319
