task,Mean,Std
mem,0.7058035714285712,0.13154942654142063
mixed,0.6366964285714285,0.14009502225182827
motor,0.7641964285714286,0.12043020153416023
