,Mean,Std
mixed,0.7812499999999999,0.09613049166924835
motor,0.8798611111111112,0.06347780097743788
mem,0.8354166666666666,0.07889992656966423
