,test_task,train_task,Mean,Std
0,mem,mixed,0.7057142857142856,0.13745554180907357
1,mem,motor,0.6739285714285714,0.13673369700298424
2,mixed,mem,0.720267857142857,0.12746985256007914
3,mixed,motor,0.6322321428571431,0.11415666923079934
4,motor,mem,0.7408928571428575,0.12496220207747603
5,motor,mixed,0.7019642857142855,0.12816778268925666
