task,Mean,Std
mem,0.899107142857143,0.11927472925545056
mixed,0.71875,0.14414717857422354
motor,0.7946428571428573,0.16778735769597602
