task,Mean,Std
mem,0.8874999999999996,0.10755548251103622
mixed,0.7035714285714286,0.13275306634265222
motor,0.7857142857142856,0.1565869742969718
