task,Mean,Std
mem,0.8943749999999996,0.10047642192891013
mixed,0.703392857142857,0.12812319051620566
motor,0.7883928571428571,0.1547288159765546
