,MSC01,MSC02,MSC03,MSC04,MSC05,MSC06,MSC07,MSC10
0,0.5,0.5,0.0,0.0,0.5,0.6666666666666666,0.3333333333333333,0.5
1,1.0,0.5,1.0,1.0,0.5,1.0,0.5,0.5
2,1.0,0.5,0.5,1.0,0.0,0.0,0.5,1.0
3,1.0,1.0,0.5,0.5,0.5,1.0,0.5,1.0
4,1.0,0.5,0.5,1.0,0.5,0.0,0.5,1.0
5,1.0,1.0,1.0,1.0,0.5,1.0,0.0,0.0
6,0.5,0.5,0.5,0.5,1.0,1.0,1.0,0.0
7,1.0,0.0,0.0,0.5,1.0,1.0,1.0,0.5
8,1.0,0.0,1.0,0.5,1.0,0.5,0.5,1.0
9,1.0,0.5,0.5,1.0,1.0,,,0.0
