acc,train_sub,test_sub
0.65,MSC04,MSC10
0.6333333333333333,MSC04,MSC10
0.65,MSC04,MSC10
0.5666666666666667,MSC04,MSC10
0.6333333333333334,MSC04,MSC10
