acc,train_sub,test_sub
0.8166666666666667,MSC02,MSC04
0.8333333333333334,MSC02,MSC04
0.9,MSC02,MSC04
0.7333333333333333,MSC02,MSC04
0.75,MSC02,MSC04
