acc,train_sub,test_sub
0.6166666666666667,MSC06,MSC02
0.65,MSC06,MSC02
0.5833333333333334,MSC06,MSC02
0.6,MSC06,MSC02
0.6666666666666667,MSC06,MSC02
