acc,train_sub,test_sub
0.55,MSC05,MSC07
0.6166666666666667,MSC05,MSC07
0.5666666666666667,MSC05,MSC07
0.7,MSC05,MSC07
0.5666666666666667,MSC05,MSC07
