acc,train_sub,test_sub
0.55,MSC03,MSC06
0.5333333333333334,MSC03,MSC06
0.5833333333333333,MSC03,MSC06
0.5333333333333334,MSC03,MSC06
0.6,MSC03,MSC06
