acc,train_sub,test_sub
0.5,MSC04,MSC01
0.5166666666666667,MSC04,MSC01
0.5166666666666667,MSC04,MSC01
0.5,MSC04,MSC01
0.5,MSC04,MSC01
