acc,train_sub,test_sub
0.6333333333333333,MSC03,MSC05
0.6,MSC03,MSC05
0.6666666666666666,MSC03,MSC05
0.55,MSC03,MSC05
0.5666666666666667,MSC03,MSC05
