acc,train_sub,test_sub
0.9,MSC02,MSC06
0.9333333333333333,MSC02,MSC06
0.8833333333333334,MSC02,MSC06
0.8,MSC02,MSC06
0.9333333333333333,MSC02,MSC06
