acc,train_sub,test_sub
0.6,MSC07,MSC01
0.5666666666666667,MSC07,MSC01
0.5,MSC07,MSC01
0.5333333333333334,MSC07,MSC01
0.6333333333333333,MSC07,MSC01
