acc,train_sub,test_sub
0.6,MSC03,MSC10
0.5333333333333334,MSC03,MSC10
0.6166666666666667,MSC03,MSC10
0.6,MSC03,MSC10
0.5833333333333334,MSC03,MSC10
