acc,train_sub,test_sub
0.5,MSC01,MSC04
0.5,MSC01,MSC04
0.5333333333333334,MSC01,MSC04
0.5166666666666667,MSC01,MSC04
0.5166666666666667,MSC01,MSC04
