acc,train_sub,test_sub
0.6333333333333333,MSC07,MSC02
0.55,MSC07,MSC02
0.5,MSC07,MSC02
0.5166666666666667,MSC07,MSC02
0.5666666666666667,MSC07,MSC02
