acc,train_sub,test_sub
0.55,MSC03,MSC04
0.5333333333333334,MSC03,MSC04
0.5666666666666667,MSC03,MSC04
0.5333333333333334,MSC03,MSC04
0.55,MSC03,MSC04
