acc,train_sub,test_sub
0.5666666666666668,MSC05,MSC06
0.7166666666666667,MSC05,MSC06
0.6,MSC05,MSC06
0.55,MSC05,MSC06
0.5,MSC05,MSC06
