acc,train_sub,test_sub
0.8833333333333334,MSC02,MSC01
0.95,MSC02,MSC01
0.9666666666666668,MSC02,MSC01
0.9166666666666667,MSC02,MSC01
0.9,MSC02,MSC01
