acc,train_sub,test_sub
0.85,MSC02,MSC05
0.9,MSC02,MSC05
0.9,MSC02,MSC05
0.6833333333333332,MSC02,MSC05
0.7833333333333334,MSC02,MSC05
