acc,train_sub,test_sub
0.8,MSC02,MSC10
0.75,MSC02,MSC10
0.9166666666666666,MSC02,MSC10
0.7833333333333333,MSC02,MSC10
0.8833333333333334,MSC02,MSC10
