acc,train_sub,test_sub
0.5666666666666667,MSC03,MSC07
0.6,MSC03,MSC07
0.7,MSC03,MSC07
0.6166666666666667,MSC03,MSC07
0.6333333333333333,MSC03,MSC07
