acc,train_sub,test_sub
0.5666666666666667,MSC10,MSC05
0.5666666666666667,MSC10,MSC05
0.7,MSC10,MSC05
0.5,MSC10,MSC05
0.5333333333333333,MSC10,MSC05
