acc,train_sub,test_sub
0.5166666666666667,MSC10,MSC03
0.55,MSC10,MSC03
0.6333333333333334,MSC10,MSC03
0.5,MSC10,MSC03
0.55,MSC10,MSC03
