acc,train_sub,test_sub
0.7,MSC10,MSC04
0.6333333333333334,MSC10,MSC04
0.6166666666666666,MSC10,MSC04
0.5166666666666667,MSC10,MSC04
0.55,MSC10,MSC04
