acc,train_sub,test_sub
0.5666666666666667,MSC10,MSC02
0.5666666666666667,MSC10,MSC02
0.55,MSC10,MSC02
0.5,MSC10,MSC02
0.55,MSC10,MSC02
