task,Mean,Std
mem,0.5701785714285715,0.09603959545991379
mixed,0.5638392857142855,0.11949511618559057
motor,0.605267857142857,0.12511965052721316
