,Mean,Std
mixed,0.9812500000000001,0.025877458475338306
motor,0.9500000000000001,0.05345224838248488
mem,0.975,0.03779644730092272
