task,Mean,Std
mem,0.8733035714285711,0.09875256860049161
mixed,0.7400892857142856,0.13382312298983778
motor,0.8466071428571428,0.10446446608931038
