mem,mixed,motor
0.703750000000001,0.674375,0.921406249999999
