task,Mean,Std
mem,0.7294642857142856,0.12591006375919345
mixed,0.6480357142857142,0.10243258790509524
motor,0.6195535714285713,0.1238887946569763
