,test_task,train_task,Mean,Std
0,mem,mixed,0.6557142857142856,0.12186963441402372
1,mem,motor,0.6166964285714284,0.1316858409787693
2,mixed,mem,0.6516071428571427,0.13230854828034336
3,mixed,motor,0.6029464285714284,0.12766353784892495
4,motor,mem,0.6728571428571428,0.1578833203892763
5,motor,mixed,0.6696428571428571,0.16359000064700868
