task,Mean,Std
mem,0.5475669642857143,0.07110228693214109
mixed,0.5729464285714287,0.08989780453237031
motor,0.5477347883597883,0.09873656909881695
