,Mean,Std
mixed,0.9687500000000001,0.025877458475338306
motor,0.9875,0.023145502494313807
mem,0.9875,0.023145502494313807
