Row,MSC01,MSC02,MSC04,MSC05
MSC01,0,0.611666666666667,0.5,0.501111111111111
MSC02,0.5,0,0.5,0.5
MSC04,0.5,0.573333333333333,0,0.536388888888889
MSC05,0.5,0.570277777777778,0.5,0
