Row,MSC01,MSC02,MSC04,MSC05
MSC01,0,0.223333333333333,0,0.00222222222222222
MSC02,0,0,0,0
MSC04,0,0.146666666666667,0,0.0727777777777778
MSC05,0,0.140555555555556,0,0
