Row,MSC01,MSC02,MSC04,MSC05
MSC01,0,0.01625,0.28375,0.87375
MSC02,0,0,0.32625,0.40375
MSC04,0,0.1525,0,0.95125
MSC05,0.045,0.16875,0.86625,0
