Row,MSC01,MSC02,MSC04,MSC05
MSC01,0,1,1,0.98875
MSC02,1,0,1,0.9975
MSC04,1,1,0,0.79875
MSC05,1,1,1,0
