Row,MSC01,MSC02,MSC03,MSC04,MSC05,MSC06,MSC07,MSC10
MSC01,0,0.02,1,0,0.835,0.2,0,0
MSC02,0,0,1,0.045,0.17,0.275,0.005,0
MSC03,0,0.01875,0,0.0375,0.78125,0.23125,0.00625,0.0125
MSC04,0.005,0.07,1,0,0.915,0.65,0.13,0.01
MSC05,0.015,0.105,1,0.27,0,0.75,0.09,0.01
MSC06,0.045,0.225,1,0.11,0.97,0,0.24,0.055
MSC07,0,0.03,1,0,0.745,0.04,0,0.235
MSC10,0.01,0.29,1,0.15,0.76,0.095,0.03,0
