Row,MSC01,MSC02,MSC04,MSC05
MSC01,0,0.5,0.618125,0.523125
MSC02,0.599375,0,0.548125,0.523125
MSC04,0.686875,0.5,0,0.5
MSC05,0.65625,0.5,0.548125,0
