Row,MSC01,MSC02,MSC04,MSC05
MSC01,0,0.5,0.516875,0.735625
MSC02,0.816875,0,0.550625,0.731875
MSC04,0.64625,0.5,0,0.56125
MSC05,0.625625,0.5,0.500625,0
