Row,MSC01,MSC02,MSC04,MSC05
MSC01,0,0,0.23625,0.04625
MSC02,0.19875,0,0.0975,0.04625
MSC04,0.38875,0,0,0
MSC05,0.3125,0,0.09625,0
