Row,MSC01,MSC02,MSC04,MSC05
MSC01,0,0,0.26125,0
MSC02,0.53,0,0.26125,0.0075
MSC04,0.73625,0,0,0
MSC05,0.5375,0,0.29375,0
