Row,MSC01,MSC02,MSC04,MSC05
MSC01,0,0.5,0.630625,0.5
MSC02,0.765,0,0.630625,0.50375
MSC04,0.868125,0.5,0,0.5
MSC05,0.76875,0.5,0.646875,0
