Row,MSC01,MSC02,MSC03,MSC04,MSC05,MSC06,MSC07,MSC10
MSC01,0,0,0,0.98,0,0.955555555555556,1,1
MSC02,0.95,0,0.415,0.97,0.075,0.527777777777778,0.983333333333333,0.93
MSC03,0.875,0,0,0.985,0,0.872222222222222,0.911111111111111,0.99
MSC04,0.985,0,0.23,0,0,0.977777777777778,1,1
MSC05,0.865,0,0.425,0.95,0,0.75,0.972222222222222,0.935
MSC06,0.777777777777778,0,0.0666666666666667,0.905555555555556,0.00555555555555556,0,0.950617283950617,0.705555555555556
MSC07,0.988888888888889,0,0.0555555555555556,0.988888888888889,0,0.987654320987654,0,0.966666666666667
MSC10,0.975,0,0.15,0.965,0,0.944444444444444,0.988888888888889,0
