,Mean,Std
mixed,0.9812500000000001,0.025877458475338306
motor,0.9437500000000001,0.056299581322980165
mem,0.9875,0.023145502494313807
