task,Mean,Std
mem,0.661517857142857,0.14836355728368786
mixed,0.6227678571428573,0.11381372198328417
motor,0.7555357142857144,0.1404204031129009
