task,Mean,Std
mem,0.7337500000000003,0.14192187351433247
mixed,0.6667857142857142,0.14664251080101556
motor,0.7247916666666666,0.16501599157256913
