,Mean,Std
mixed,0.9812500000000001,0.025877458475338306
motor,0.9618055555555556,0.05198336967823515
mem,0.971875,0.04519303833872773
