task,Mean,Std
mem,0.764017857142857,0.14613947149853163
mixed,0.6733928571428572,0.14734655236382865
motor,0.7398214285714284,0.1692173542725833
