task,Mean,Std
mem,0.5660714285714287,0.08766005769040831
mixed,0.5651785714285714,0.11937322787152707
motor,0.6041964285714283,0.1257695467754571
