task,Mean,Std
mem,0.6832142857142857,0.10748965519539995
mixed,0.6693749999999999,0.09313754491464368
motor,0.6445535714285715,0.1101828100176095
