task,Mean,Std
mem,0.8940178571428569,0.10003826378331054
mixed,0.7031250000000002,0.12996000258820894
motor,0.784910714285714,0.15128387245484914
