task,Mean,Std
glass,0.5770436507936508,0.09760741052659165
mem,0.5700000000000001,0.08894329143285114
motor,0.6076785714285713,0.12798779872853747
semantic,0.5575892857142858,0.1039623667549883
