Test_variables,mem,mixed,motor
mem,1.0,0.75,0.16666666666666666
mixed,0.5,1.0,0.16666666666666666
motor,0.3333333333333333,0.5,0.9166666666666666
