Test_variables,mem,mixed,motor
mem,0.9166666666666666,0.9166666666666666,0.16666666666666666
mixed,0.6666666666666666,1.0,0.25
motor,0.75,0.6666666666666666,1.0
