Test_variables,mem,mixed,motor
mem,1.0,1.0,0.25
mixed,0.9166666666666666,1.0,0.25
motor,0.8333333333333334,0.9166666666666666,1.0
