task,Mean,Std
mem,0.7925892857142856,0.13184698800789216
mixed,0.6704464285714284,0.13533217310721823
motor,0.7466071428571425,0.1286365816160789
