task,Mean,Std
mem,0.8641964285714285,0.09666143719994261
mixed,0.6857142857142858,0.1188177694524785
motor,0.8166964285714283,0.14889678177642598
