,test_task,train_task,Mean,Std
0,mem,mixed,0.7575,0.13980719806783534
1,mem,motor,0.6325000000000001,0.13501949177024306
2,mixed,mem,0.8125000000000002,0.11456439237389596
3,mixed,motor,0.5725,0.08503095411610255
4,motor,mem,0.8449999999999998,0.10117728057851308
5,motor,mixed,0.7424999999999999,0.13980719806783537
