,Mean,Std
mixed,0.55625,0.17204131563585034
motor,0.7194444444444444,0.1135447763032257
mem,0.6244791666666666,0.16119650429222013
