task,Mean,Std
glass,0.5845634920634922,0.10994058768383108
mem,0.7233035714285715,0.13804569989586882
motor,0.7719642857142859,0.1221536981594334
semantic,0.640625,0.12566572722902614
