,Mean,Std
mixed,0.9812500000000001,0.025877458475338306
motor,0.9625,0.03535533905932738
mem,0.9812500000000001,0.02587745847533831
