train,same_sub,diff_sub
MSC01,1.0,0.5798198198198199
MSC02,0.9875,0.8403603603603603
MSC03,0.975,0.7985637342908438
MSC04,0.975,0.6378378378378378
MSC05,0.9875,0.7174774774774775
MSC06,0.975,0.7996409335727109
MSC07,0.9875,0.8187050359712231
MSC10,0.975,0.6032432432432432
