,Mean,Std
mixed,0.9250000000000002,0.05976143046671966
motor,0.9868055555555556,0.02447644009919445
mem,0.9875,0.03535533905932737
