task,Mean,Std
mem,0.7390401785714287,0.11357766442541056
mixed,0.6480357142857142,0.10243258790509524
motor,0.6136199294532627,0.12416840723734522
