,test_task,train_task,Mean,Std
0,mem,mixed,0.9226562500000001,0.05719030535663991
1,mem,motor,0.6302604166666668,0.11558317830095687
2,mixed,mem,0.8262499999999998,0.11224176711774574
3,mixed,motor,0.5783333333333333,0.10319114641485813
4,motor,mem,0.8671006944444445,0.12578004928250275
5,motor,mixed,0.9077083333333333,0.09724259990524509
