,test_task,train_task,Mean,Std
0,mem,mixed,0.940625,0.06630220315236253
1,mem,motor,0.673125,0.158225370459806
2,mixed,mem,0.8750000000000001,0.09812528434899652
3,mixed,motor,0.6187499999999999,0.0957955412025305
4,motor,mem,0.888125,0.11329284115575375
5,motor,mixed,0.923125,0.08150098597124895
