task,Mean,Std
mem,0.6660491071428571,0.11384293825309237
mixed,0.5857142857142855,0.07921448772121843
motor,0.6726576278659612,0.11523380485775835
