task,Mean,Std
mem,0.6391071428571429,0.1249912983984272
mixed,0.6239285714285715,0.10837105570347515
motor,0.6498214285714284,0.13704002164501997
