task,Mean,Std
mem,0.6228571428571429,0.11899525255181452
mixed,0.6239285714285715,0.10837105570347515
motor,0.6195535714285715,0.1301442444007777
