task,Mean,Std
mem,0.9049999999999999,0.06261830907633122
mixed,0.7325,0.11951106533221979
motor,0.8149999999999998,0.17479311078800377
