task,Mean,Std
mem,0.8810044642857144,0.1004182785230158
mixed,0.6934821428571427,0.13036982236858186
motor,0.8184876543209877,0.14659333949037562
