,Mean,Std
mixed,0.9812500000000001,0.025877458475338306
motor,0.95625,0.04955156044825576
mem,0.96875,0.05303300858899108
