acc,train,frames
0.95,MSC01,100
0.5900000000000001,MSC02,100
0.7562499999999999,MSC03,100
0.8800000000000001,MSC04,100
0.97,MSC05,100
0.8099999999999998,MSC06,100
0.845,MSC07,100
0.7833333333333332,MSC10,100
