acc,train,frames,analysis
"(0.95, [0.95, 0.95, 0.95, 0.95, 0.95, 0.95, 0.95, 0.95, 0.95, 0.95])",MSC01,100,SS
"(0.5900000000000001, [0.7, 0.6, 0.55, 0.65, 0.65, 0.2, 0.65, 0.65, 0.6, 0.65])",MSC02,100,SS
"(0.7562499999999999, [0.75, 0.9, 0.9, 0.8, 0.8, 0.75, 0.35, 0.8])",MSC03,100,SS
"(0.8800000000000001, [0.95, 0.95, 0.95, 0.95, 0.8, 0.95, 0.9, 0.95, 0.45, 0.95])",MSC04,100,SS
"(0.97, [0.95, 1.0, 0.95, 0.95, 1.0, 0.95, 0.95, 0.95, 1.0, 1.0])",MSC05,100,SS
"(0.8099999999999998, [0.8, 0.9, 0.9, 0.85, 0.85, 0.85, 0.85, 0.35, 0.85, 0.9])",MSC06,100,SS
"(0.845, [0.85, 0.8, 1.0, 0.9, 0.9, 0.75, 0.8, 0.85, 0.85, 0.75])",MSC07,100,SS
"(0.7833333333333332, [0.85, 0.8, 0.9, 0.9, 0.8, 0.8, 0.8, 0.35, 0.85])",MSC10,100,SS
