acc,train,frames,analysis
"(0.89, [0.5, 1.0, 1.0, 1.0, 1.0, 0.5, 1.0, 1.0, 1.0, 0.9])",MSC01,10,SS
"(0.5399999999999999, [0.25, 0.55, 0.55, 0.55, 0.6, 0.6, 0.6, 0.5, 0.6, 0.6])",MSC02,10,SS
"(0.7562500000000001, [0.95, 0.45, 0.9, 1.0, 0.9, 0.45, 0.45, 0.95])",MSC03,10,SS
"(0.7250000000000001, [0.7, 0.9, 0.9, 0.4, 0.4, 0.35, 0.9, 0.9, 0.9, 0.9])",MSC04,10,SS
"(0.48, [0.55, 0.5, 0.6, 0.55, 0.65, 0.1, 0.65, 0.15, 0.5, 0.55])",MSC05,10,SS
"(0.49000000000000005, [0.3, 0.8, 0.65, 0.65, 0.65, 0.45, 0.5, 0.2, 0.0, 0.7])",MSC06,10,SS
"(0.44000000000000006, [0.05, 0.15, 0.55, 0.5, 0.5, 0.55, 0.6, 0.5, 0.5, 0.5])",MSC07,10,SS
"(0.595, [0.5, 1.0, 0.95, 0.5, 0.5, 0.5, 0.5, 0.5, 0.5, 0.5])",MSC10,10,SS
