acc,train,frames
0.89,MSC01,10
0.5399999999999999,MSC02,10
0.7562500000000001,MSC03,10
0.7250000000000001,MSC04,10
0.48,MSC05,10
0.49000000000000005,MSC06,10
0.44000000000000006,MSC07,10
0.595,MSC10,10
