acc,train,frames
0.95,MSC01,125
0.6900000000000002,MSC02,125
0.9500000000000001,MSC03,125
0.9400000000000001,MSC04,125
0.915,MSC05,125
0.8049999999999999,MSC06,125
0.845,MSC07,125
0.8888888888888888,MSC10,125
