acc,train,frames,analysis
"(0.95, [0.95, 0.95, 0.95, 0.95, 0.95, 0.95, 0.95, 0.95, 0.95, 0.95])",MSC01,125,SS
"(0.6900000000000002, [0.7, 0.65, 0.6, 0.7, 0.7, 0.75, 0.7, 0.7, 0.7, 0.7])",MSC02,125,SS
"(0.9500000000000001, [0.95, 0.95, 1.0, 0.95, 0.9, 0.95])",MSC03,125,SS
"(0.9400000000000001, [0.95, 0.95, 0.9, 0.95, 0.9, 0.95, 0.95, 0.95, 0.95, 0.95])",MSC04,125,SS
"(0.915, [0.95, 0.5, 0.95, 0.95, 0.95, 0.95, 0.95, 0.95, 1.0, 1.0])",MSC05,125,SS
"(0.8049999999999999, [0.85, 0.9, 0.85, 0.85, 0.85, 0.85, 0.85, 0.35, 0.85, 0.85])",MSC06,125,SS
"(0.845, [0.9, 0.85, 1.0, 0.9, 0.85, 0.8, 0.75, 0.75, 0.85, 0.8])",MSC07,125,SS
"(0.8888888888888888, [0.9, 0.9, 0.9, 0.9, 0.85, 0.9, 0.85, 0.9, 0.9])",MSC10,125,SS
