acc,train,frames
0.95,MSC01,150
0.675,MSC02,150
0.78,MSC03,150
0.9,MSC04,150
0.9,MSC05,150
0.7999999999999998,MSC06,150
0.7899999999999999,MSC07,150
0.8125,MSC10,150
