acc,train,frames,analysis
"(0.95, [0.95, 0.95, 0.95, 0.95, 0.95, 0.95, 0.95, 0.95, 0.95, 0.95])",MSC01,150,SS
"(0.675, [0.7, 0.65, 0.6, 0.7, 0.7, 0.7, 0.6, 0.7, 0.7, 0.7])",MSC02,150,SS
"(0.78, [0.8, 0.8, 0.85, 0.7, 0.75])",MSC03,150,SS
"(0.9, [0.95, 0.95, 0.95, 0.95, 0.95, 0.95, 0.95, 0.95, 0.45, 0.95])",MSC04,150,SS
"(0.9, [0.95, 0.45, 0.95, 0.95, 0.95, 0.95, 0.95, 0.95, 0.95, 0.95])",MSC05,150,SS
"(0.7999999999999998, [0.85, 0.85, 0.85, 0.85, 0.85, 0.85, 0.85, 0.35, 0.85, 0.85])",MSC06,150,SS
"(0.7899999999999999, [0.85, 0.8, 0.85, 0.8, 0.8, 0.75, 0.7, 0.75, 0.85, 0.75])",MSC07,150,SS
"(0.8125, [0.9, 0.85, 0.9, 0.9, 0.85, 0.8, 0.9, 0.4])",MSC10,150,SS
