acc,train,frames
0.85,MSC01,15
0.5349999999999999,MSC02,15
0.40625,MSC03,15
0.835,MSC04,15
0.7150000000000001,MSC05,15
0.8000000000000002,MSC06,15
0.5000000000000001,MSC07,15
0.55,MSC10,15
