acc,train,frames,analysis
"(0.85, [0.5, 0.5, 1.0, 1.0, 1.0, 0.5, 1.0, 1.0, 1.0, 1.0])",MSC01,15,SS
"(0.5349999999999999, [0.3, 0.5, 0.55, 0.6, 0.6, 0.65, 0.5, 0.5, 0.55, 0.6])",MSC02,15,SS
"(0.40625, [0.75, 0.2, 0.8, 0.65, 0.25, 0.3, 0.1, 0.2])",MSC03,15,SS
"(0.835, [0.5, 0.9, 1.0, 0.5, 1.0, 0.95, 1.0, 1.0, 1.0, 0.5])",MSC04,15,SS
"(0.7150000000000001, [0.85, 0.8, 0.85, 0.7, 1.0, 0.25, 0.85, 0.4, 0.75, 0.7])",MSC05,15,SS
"(0.8000000000000002, [0.95, 0.45, 0.9, 0.95, 0.95, 0.45, 0.7, 0.9, 0.95, 0.8])",MSC06,15,SS
"(0.5000000000000001, [0.55, 0.65, 0.55, 0.55, 0.55, 0.6, 0.5, 0.5, 0.05, 0.5])",MSC07,15,SS
"(0.55, [0.65, 0.75, 0.25, 0.65, 0.75, 0.65, 0.65, 0.35, 0.65, 0.15])",MSC10,15,SS
