acc,train,frames
0.95,MSC01,175
0.63,MSC02,175
0.75,MSC03,175
0.8444444444444446,MSC04,175
0.885,MSC05,175
0.7749999999999998,MSC06,175
0.8100000000000002,MSC07,175
0.8571428571428571,MSC10,175
