acc,train,frames,analysis
"(0.95, [0.95, 0.95, 0.95, 0.95, 0.95, 0.95, 0.95, 0.95, 0.95, 0.95])",MSC01,175,SS
"(0.63, [0.65, 0.6, 0.55, 0.65, 0.65, 0.7, 0.6, 0.6, 0.65, 0.65])",MSC02,175,SS
"(0.75, [0.7, 0.8, 0.9, 0.6])",MSC03,175,SS
"(0.8444444444444446, [0.95, 0.85, 0.95, 0.9, 0.9, 0.9, 0.85, 0.9, 0.4])",MSC04,175,SS
"(0.885, [0.9, 0.45, 0.95, 0.9, 0.95, 0.95, 0.95, 0.95, 0.9, 0.95])",MSC05,175,SS
"(0.7749999999999998, [0.8, 0.8, 0.8, 0.8, 0.85, 0.85, 0.85, 0.35, 0.85, 0.8])",MSC06,175,SS
"(0.8100000000000002, [0.9, 0.8, 0.8, 0.85, 0.8, 0.85, 0.7, 0.75, 0.9, 0.75])",MSC07,175,SS
"(0.8571428571428571, [0.85, 0.9, 0.85, 0.85, 0.8, 0.85, 0.9])",MSC10,175,SS
