acc,train,frames
0.95,MSC01,200
0.655,MSC02,200
0.6875,MSC03,200
0.8833333333333333,MSC04,200
0.95,MSC05,200
0.7749999999999999,MSC06,200
0.8149999999999998,MSC07,200
0.8857142857142858,MSC10,200
