acc,train,frames,analysis
"(0.95, [0.95, 0.95, 0.95, 0.95, 0.95, 0.95, 0.95, 0.95, 0.95, 0.95])",MSC01,200,SS
"(0.655, [0.65, 0.6, 0.6, 0.65, 0.7, 0.7, 0.6, 0.7, 0.7, 0.65])",MSC02,200,SS
"(0.6875, [0.65, 0.8, 0.75, 0.55])",MSC03,200,SS
"(0.8833333333333333, [0.95, 0.95, 0.95, 0.9, 0.95, 0.95, 0.9, 0.45, 0.95])",MSC04,200,SS
"(0.95, [0.95, 0.95, 0.95, 0.95, 0.95, 0.95, 0.95, 0.95, 0.95, 0.95])",MSC05,200,SS
"(0.7749999999999999, [0.8, 0.8, 0.85, 0.8, 0.85, 0.85, 0.8, 0.4, 0.8, 0.8])",MSC06,200,SS
"(0.8149999999999998, [0.9, 0.8, 0.85, 0.8, 0.8, 0.85, 0.75, 0.8, 0.85, 0.75])",MSC07,200,SS
"(0.8857142857142858, [0.9, 0.9, 0.85, 0.85, 0.85, 0.9, 0.95])",MSC10,200,SS
