acc,train,frames,analysis
"(0.85, [0.5, 0.5, 1.0, 0.5, 1.0, 1.0, 1.0, 1.0, 1.0, 1.0])",MSC01,20,SS
"(0.46499999999999997, [0.0, 0.5, 0.5, 0.55, 0.5, 0.55, 0.5, 0.5, 0.5, 0.55])",MSC02,20,SS
"(0.425, [0.7, 0.65, 0.65, 0.5, 0.65, 0.2, 0.0, 0.05])",MSC03,20,SS
"(0.765, [0.8, 0.7, 0.8, 0.85, 0.8, 0.8, 0.4, 0.9, 0.8, 0.8])",MSC04,20,SS
"(0.85, [0.45, 0.9, 0.9, 0.8, 0.95, 0.85, 0.9, 0.9, 0.95, 0.9])",MSC05,20,SS
"(0.765, [0.85, 0.4, 0.9, 0.85, 0.95, 0.45, 0.65, 0.85, 0.9, 0.85])",MSC06,20,SS
"(0.72, [0.7, 0.7, 0.95, 0.85, 0.8, 0.85, 0.65, 0.7, 0.4, 0.6])",MSC07,20,SS
"(0.5650000000000001, [0.65, 0.7, 0.75, 0.15, 0.7, 0.65, 0.6, 0.65, 0.6, 0.2])",MSC10,20,SS
