acc,train,frames
0.85,MSC01,20
0.46499999999999997,MSC02,20
0.425,MSC03,20
0.765,MSC04,20
0.85,MSC05,20
0.765,MSC06,20
0.72,MSC07,20
0.5650000000000001,MSC10,20
