acc,train,frames,analysis
"(0.9500000000000001, [0.95, 0.95, 0.95, 0.95, 0.95, 0.95, 0.95, 0.95])",MSC01,225,SS
"(0.6900000000000002, [0.7, 0.65, 0.65, 0.7, 0.7, 0.7, 0.7, 0.7, 0.7, 0.7])",MSC02,225,SS
"(0.7250000000000001, [0.75, 0.8, 0.8, 0.55])",MSC03,225,SS
"(0.9055555555555556, [0.9, 0.95, 0.9, 0.9, 0.85, 0.9, 0.9, 0.9, 0.95])",MSC04,225,SS
"(0.9199999999999999, [0.9, 0.9, 0.95, 0.85, 0.95, 0.95, 0.95, 0.95, 0.85, 0.95])",MSC05,225,SS
"(0.8300000000000001, [0.8, 0.85, 0.85, 0.8, 0.8, 0.9, 0.8, 0.9, 0.8, 0.8])",MSC06,225,SS
"(0.82, [0.9, 0.85, 0.85, 0.9, 0.8, 0.75, 0.75, 0.75, 0.9, 0.75])",MSC07,225,SS
"(0.9000000000000001, [0.9, 0.95, 0.9, 0.85, 0.85, 0.9, 0.95])",MSC10,225,SS
