acc,train,frames
0.9500000000000001,MSC01,225
0.6900000000000002,MSC02,225
0.7250000000000001,MSC03,225
0.9055555555555556,MSC04,225
0.9199999999999999,MSC05,225
0.8300000000000001,MSC06,225
0.82,MSC07,225
0.9000000000000001,MSC10,225
