acc,train,frames
0.9500000000000001,MSC01,250
0.7100000000000001,MSC02,250
0.7000000000000001,MSC03,250
0.938888888888889,MSC04,250
0.905,MSC05,250
0.8055555555555555,MSC06,250
0.865,MSC07,250
0.9357142857142857,MSC10,250
