acc,train,frames,analysis
"(0.9500000000000001, [0.95, 0.95, 0.95, 0.95, 0.95, 0.95, 0.95, 0.95])",MSC01,250,SS
"(0.7100000000000001, [0.75, 0.7, 0.65, 0.7, 0.7, 0.8, 0.7, 0.7, 0.7, 0.7])",MSC02,250,SS
"(0.7000000000000001, [0.6, 0.65, 0.85])",MSC03,250,SS
"(0.938888888888889, [0.95, 0.95, 0.95, 0.95, 0.9, 0.95, 0.9, 0.95, 0.95])",MSC04,250,SS
"(0.905, [0.9, 0.85, 0.95, 0.85, 0.95, 0.95, 0.9, 0.95, 0.85, 0.9])",MSC05,250,SS
"(0.8055555555555555, [0.8, 0.8, 0.8, 0.8, 0.8, 0.8, 0.8, 0.85, 0.8])",MSC06,250,SS
"(0.865, [0.9, 0.9, 0.85, 0.9, 0.9, 0.85, 0.8, 0.8, 0.9, 0.85])",MSC07,250,SS
"(0.9357142857142857, [0.95, 0.95, 0.95, 0.9, 0.9, 0.95, 0.95])",MSC10,250,SS
