acc,train,frames,analysis
"(0.85, [0.5, 0.5, 1.0, 0.5, 1.0, 1.0, 1.0, 1.0, 1.0, 1.0])",MSC01,25,SS
"(0.41, [0.0, 0.5, 0.5, 0.05, 0.5, 0.55, 0.5, 0.5, 0.5, 0.5])",MSC02,25,SS
"(0.48125000000000007, [0.25, 0.55, 0.65, 0.5, 0.6, 0.6, 0.0, 0.7])",MSC03,25,SS
"(0.8099999999999999, [0.8, 0.7, 0.8, 0.9, 0.7, 0.8, 0.85, 0.95, 0.8, 0.8])",MSC04,25,SS
"(0.82, [0.9, 0.8, 0.9, 0.7, 0.9, 0.75, 0.75, 0.85, 0.8, 0.85])",MSC05,25,SS
"(0.6950000000000001, [0.8, 0.85, 0.35, 0.85, 0.85, 0.9, 0.75, 0.35, 0.85, 0.4])",MSC06,25,SS
"(0.5599999999999999, [0.6, 0.6, 0.8, 0.7, 0.55, 0.65, 0.5, 0.6, 0.05, 0.55])",MSC07,25,SS
"(0.65, [0.6, 0.7, 0.75, 0.65, 0.65, 0.6, 0.6, 0.6, 0.65, 0.7])",MSC10,25,SS
