acc,train,frames
0.85,MSC01,25
0.41,MSC02,25
0.48125000000000007,MSC03,25
0.8099999999999999,MSC04,25
0.82,MSC05,25
0.6950000000000001,MSC06,25
0.5599999999999999,MSC07,25
0.65,MSC10,25
