acc,train,frames
0.9500000000000001,MSC01,275
0.7100000000000001,MSC02,275
0.8333333333333334,MSC03,275
0.8888888888888888,MSC04,275
0.915,MSC05,275
0.8166666666666667,MSC06,275
0.89,MSC07,275
0.9,MSC10,275
