acc,train,frames,analysis
"(0.9500000000000001, [0.95, 0.95, 0.95, 0.95, 0.95, 0.95, 0.95])",MSC01,275,SS
"(0.7100000000000001, [0.75, 0.7, 0.65, 0.7, 0.7, 0.8, 0.7, 0.7, 0.7, 0.7])",MSC02,275,SS
"(0.8333333333333334, [0.8, 0.75, 0.95])",MSC03,275,SS
"(0.8888888888888888, [0.95, 0.95, 0.95, 0.95, 0.95, 0.95, 0.9, 0.45, 0.95])",MSC04,275,SS
"(0.915, [0.9, 0.95, 0.9, 0.9, 0.9, 0.95, 0.9, 0.95, 0.9, 0.9])",MSC05,275,SS
"(0.8166666666666667, [0.8, 0.85, 0.8, 0.8, 0.8, 0.8, 0.8, 0.9, 0.8])",MSC06,275,SS
"(0.89, [0.9, 0.9, 0.9, 0.95, 0.9, 0.85, 0.85, 0.85, 0.9, 0.9])",MSC07,275,SS
"(0.9, [0.95, 0.9, 0.75, 0.95, 0.95])",MSC10,275,SS
