acc,train,frames,analysis
"(0.95, [0.95, 0.95, 0.95, 0.95, 0.95])",MSC01,300,SS
"(0.7350000000000001, [0.8, 0.7, 0.7, 0.7, 0.75, 0.85, 0.7, 0.7, 0.7, 0.75])",MSC02,300,SS
"(0.8666666666666666, [0.9, 0.75, 0.95])",MSC03,300,SS
"(0.9500000000000001, [0.95, 0.95, 0.95, 0.95, 0.95, 0.95, 0.95])",MSC04,300,SS
"(0.915, [0.9, 0.95, 0.9, 0.9, 0.9, 0.95, 0.95, 0.95, 0.85, 0.9])",MSC05,300,SS
"(0.8388888888888888, [0.8, 0.85, 0.85, 0.8, 0.85, 0.8, 0.85, 0.9, 0.85])",MSC06,300,SS
"(0.9250000000000002, [0.95, 0.95, 1.0, 0.95, 0.9, 0.9, 0.9, 0.9, 0.9, 0.9])",MSC07,300,SS
"(0.675, [0.65, 0.7])",MSC10,300,SS
