acc,train,frames
0.95,MSC01,300
0.7350000000000001,MSC02,300
0.8666666666666666,MSC03,300
0.9500000000000001,MSC04,300
0.915,MSC05,300
0.8388888888888888,MSC06,300
0.9250000000000002,MSC07,300
0.675,MSC10,300
