acc,train,frames,analysis
"(0.8699999999999999, [0.5, 1.0, 0.9, 0.5, 1.0, 0.95, 1.0, 1.0, 0.95, 0.9])",MSC01,30,SS
"(0.40499999999999997, [0.5, 0.5, 0.0, 0.05, 0.5, 0.5, 0.5, 0.5, 0.5, 0.5])",MSC02,30,SS
"(0.475, [0.25, 0.6, 0.6, 0.5, 0.6, 0.5, 0.0, 0.75])",MSC03,30,SS
"(0.825, [0.8, 0.8, 0.8, 0.85, 0.8, 0.8, 0.85, 0.9, 0.8, 0.85])",MSC04,30,SS
"(0.835, [0.9, 0.85, 0.9, 0.7, 0.9, 0.7, 0.75, 0.85, 0.9, 0.9])",MSC05,30,SS
"(0.615, [0.75, 0.75, 0.35, 0.6, 0.8, 0.9, 0.65, 0.25, 0.8, 0.3])",MSC06,30,SS
"(0.605, [0.65, 0.55, 0.4, 0.75, 0.55, 0.85, 0.5, 0.65, 0.6, 0.55])",MSC07,30,SS
"(0.6349999999999999, [0.6, 0.7, 0.65, 0.65, 0.6, 0.65, 0.6, 0.6, 0.6, 0.7])",MSC10,30,SS
