acc,train,frames
0.8699999999999999,MSC01,30
0.40499999999999997,MSC02,30
0.475,MSC03,30
0.825,MSC04,30
0.835,MSC05,30
0.615,MSC06,30
0.605,MSC07,30
0.6349999999999999,MSC10,30
