acc,train,frames,analysis
"(0.8833333333333334, [0.9, 0.95, 0.8])",MSC01,325,SS
"(0.6428571428571427, [0.7, 0.55, 0.65, 0.7, 0.55, 0.75, 0.6])",MSC02,325,SS
"(0.8666666666666666, [0.9, 0.75, 0.95])",MSC03,325,SS
"(0.9500000000000001, [0.95, 0.9, 0.95, 0.95, 0.95, 1.0])",MSC04,325,SS
"(0.9055555555555556, [0.9, 0.9, 0.9, 0.9, 0.9, 0.95, 0.85, 0.9, 0.95])",MSC05,325,SS
"(0.7666666666666666, [0.8, 0.8, 0.8, 0.8, 0.8, 0.85, 0.8, 0.4, 0.85])",MSC06,325,SS
"(0.925, [0.95, 0.95, 0.95, 0.95, 0.95, 0.85, 0.9, 0.9])",MSC07,325,SS
9999,MSC10,325,SS
