acc,train,frames
0.8833333333333334,MSC01,325
0.6428571428571427,MSC02,325
0.8666666666666666,MSC03,325
0.9500000000000001,MSC04,325
0.9055555555555556,MSC05,325
0.7666666666666666,MSC06,325
0.925,MSC07,325
9999,MSC10,325
