acc,train,frames
0.86,MSC01,40
0.5,MSC02,40
0.60625,MSC03,40
0.7999999999999999,MSC04,40
0.755,MSC05,40
0.6250000000000001,MSC06,40
0.6449999999999999,MSC07,40
0.7649999999999999,MSC10,40
