acc,train,frames,analysis
"(0.86, [0.5, 1.0, 0.9, 0.5, 1.0, 0.9, 0.95, 1.0, 0.95, 0.9])",MSC01,40,SS
"(0.5, [0.5, 0.5, 0.5, 0.5, 0.5, 0.5, 0.5, 0.5, 0.5, 0.5])",MSC02,40,SS
"(0.60625, [0.75, 0.7, 0.85, 0.55, 0.65, 0.65, 0.0, 0.7])",MSC03,40,SS
"(0.7999999999999999, [0.8, 0.8, 0.8, 0.85, 0.65, 0.85, 0.8, 0.8, 0.8, 0.85])",MSC04,40,SS
"(0.755, [0.9, 0.8, 0.65, 0.6, 0.9, 0.7, 0.65, 0.75, 0.8, 0.8])",MSC05,40,SS
"(0.6250000000000001, [0.65, 0.7, 0.7, 0.7, 0.7, 0.7, 0.6, 0.15, 0.7, 0.65])",MSC06,40,SS
"(0.6449999999999999, [0.75, 0.55, 0.4, 0.75, 0.65, 0.85, 0.6, 0.7, 0.6, 0.6])",MSC07,40,SS
"(0.7649999999999999, [0.8, 0.8, 0.8, 0.8, 0.65, 0.7, 0.7, 0.75, 0.8, 0.85])",MSC10,40,SS
