acc,train,frames,analysis
"(0.89, [0.45, 0.95, 0.9, 0.95, 0.95, 0.9, 0.95, 0.95, 0.95, 0.95])",MSC01,50,SS
"(0.54, [0.5, 0.5, 0.5, 0.65, 0.5, 0.6, 0.5, 0.5, 0.5, 0.65])",MSC02,50,SS
"(0.6562500000000001, [0.75, 0.75, 0.9, 0.6, 0.7, 0.7, 0.15, 0.7])",MSC03,50,SS
"(0.7699999999999999, [0.75, 0.8, 0.8, 0.85, 0.65, 0.75, 0.75, 0.85, 0.75, 0.75])",MSC04,50,SS
"(0.875, [0.9, 0.9, 0.9, 0.8, 0.9, 0.8, 0.85, 0.9, 0.9, 0.9])",MSC05,50,SS
"(0.6150000000000001, [0.6, 0.65, 0.2, 0.65, 0.75, 0.65, 0.65, 0.65, 0.65, 0.7])",MSC06,50,SS
"(0.6249999999999999, [0.8, 0.6, 0.4, 0.6, 0.6, 0.75, 0.6, 0.7, 0.6, 0.6])",MSC07,50,SS
"(0.71, [0.75, 0.75, 0.85, 0.3, 0.75, 0.7, 0.7, 0.7, 0.8, 0.8])",MSC10,50,SS
