acc,train,frames
0.89,MSC01,50
0.54,MSC02,50
0.6562500000000001,MSC03,50
0.7699999999999999,MSC04,50
0.875,MSC05,50
0.6150000000000001,MSC06,50
0.6249999999999999,MSC07,50
0.71,MSC10,50
