acc,train,frames,analysis
"(0.9400000000000001, [0.95, 0.95, 0.9, 0.95, 0.95, 0.9, 0.95, 0.95, 0.95, 0.95])",MSC01,70,SS
"(0.49000000000000005, [0.55, 0.5, 0.5, 0.55, 0.5, 0.2, 0.5, 0.55, 0.5, 0.55])",MSC02,70,SS
"(0.7437499999999999, [0.8, 0.85, 0.9, 0.85, 0.7, 0.8, 0.35, 0.7])",MSC03,70,SS
"(0.7949999999999999, [0.8, 0.8, 0.85, 0.8, 0.75, 0.8, 0.75, 0.8, 0.8, 0.8])",MSC04,70,SS
"(0.9199999999999999, [0.95, 0.95, 0.9, 0.9, 0.95, 0.9, 0.9, 0.9, 0.9, 0.95])",MSC05,70,SS
"(0.8049999999999999, [0.8, 0.8, 0.8, 0.8, 0.85, 0.8, 0.8, 0.8, 0.8, 0.8])",MSC06,70,SS
"(0.6800000000000002, [0.85, 0.6, 0.4, 0.8, 0.7, 0.75, 0.65, 0.7, 0.7, 0.65])",MSC07,70,SS
"(0.7849999999999999, [0.8, 0.8, 0.85, 0.8, 0.75, 0.75, 0.75, 0.8, 0.75, 0.8])",MSC10,70,SS
