acc,train,frames
0.9400000000000001,MSC01,70
0.49000000000000005,MSC02,70
0.7437499999999999,MSC03,70
0.7949999999999999,MSC04,70
0.9199999999999999,MSC05,70
0.8049999999999999,MSC06,70
0.6800000000000002,MSC07,70
0.7849999999999999,MSC10,70
