acc,train,frames,analysis
"(0.9350000000000002, [0.95, 0.95, 0.9, 0.95, 0.95, 0.9, 0.95, 0.95, 0.95, 0.9])",MSC01,80,SS
"(0.5149999999999999, [0.55, 0.55, 0.5, 0.6, 0.55, 0.2, 0.55, 0.6, 0.5, 0.55])",MSC02,80,SS
"(0.675, [0.75, 0.75, 0.85, 0.7, 0.7, 0.75, 0.2, 0.7])",MSC03,80,SS
"(0.8949999999999999, [0.9, 0.85, 0.9, 0.95, 0.8, 0.9, 0.85, 0.95, 0.9, 0.95])",MSC04,80,SS
"(0.9549999999999998, [0.95, 1.0, 0.95, 0.95, 0.95, 0.95, 0.95, 0.95, 0.95, 0.95])",MSC05,80,SS
"(0.7649999999999999, [0.8, 0.8, 0.8, 0.8, 0.85, 0.85, 0.8, 0.35, 0.8, 0.8])",MSC06,80,SS
"(0.68, [0.85, 0.65, 0.35, 0.75, 0.75, 0.75, 0.65, 0.7, 0.7, 0.65])",MSC07,80,SS
"(0.82, [0.85, 0.85, 0.85, 0.85, 0.8, 0.75, 0.75, 0.85, 0.8, 0.85])",MSC10,80,SS
