acc,train,frames
0.9350000000000002,MSC01,80
0.5149999999999999,MSC02,80
0.675,MSC03,80
0.8949999999999999,MSC04,80
0.9549999999999998,MSC05,80
0.7649999999999999,MSC06,80
0.68,MSC07,80
0.82,MSC10,80
