acc,train,frames,analysis
"(0.9400000000000001, [0.95, 0.95, 0.9, 0.95, 0.95, 0.9, 0.95, 0.95, 0.95, 0.95])",MSC01,90,SS
"(0.59, [0.65, 0.6, 0.55, 0.65, 0.65, 0.3, 0.65, 0.65, 0.6, 0.6])",MSC02,90,SS
"(0.7499999999999999, [0.75, 0.9, 0.9, 0.8, 0.75, 0.75, 0.3, 0.85])",MSC03,90,SS
"(0.925, [0.95, 0.9, 0.9, 0.95, 0.85, 0.95, 0.9, 0.95, 0.95, 0.95])",MSC04,90,SS
"(0.9549999999999998, [0.95, 1.0, 0.95, 0.95, 0.95, 0.95, 0.95, 0.95, 0.95, 0.95])",MSC05,90,SS
"(0.8099999999999998, [0.8, 0.9, 0.9, 0.8, 0.85, 0.85, 0.85, 0.35, 0.85, 0.95])",MSC06,90,SS
"(0.7949999999999999, [0.85, 0.75, 0.9, 0.85, 0.75, 0.8, 0.75, 0.8, 0.8, 0.7])",MSC07,90,SS
"(0.8599999999999998, [0.85, 0.85, 0.95, 0.9, 0.8, 0.85, 0.8, 0.85, 0.85, 0.9])",MSC10,90,SS
