acc,train,frames
0.9400000000000001,MSC01,90
0.59,MSC02,90
0.7499999999999999,MSC03,90
0.925,MSC04,90
0.9549999999999998,MSC05,90
0.8099999999999998,MSC06,90
0.7949999999999999,MSC07,90
0.8599999999999998,MSC10,90
