,Mean,Std
mixed,0.7312500000000001,0.09613049166924838
motor,0.8576388888888888,0.07501020572014924
mem,0.7708333333333334,0.09332908153580784
