,test_task,train_task,Mean,Std
0,mem,mixed,0.8412499999999998,0.1512743486894873
1,mem,motor,0.64875,0.11897628815380458
2,mixed,mem,0.655,0.13427051585724786
3,mixed,motor,0.598125,0.1333078472666075
4,motor,mem,0.78875,0.11697832522065181
5,motor,mixed,0.8406250000000001,0.1035249279849337
