,Mean,Std
mixed,0.9,0.06546536707079767
motor,0.8847222222222222,0.06497523609125737
mem,0.8906250000000001,0.07311622352704727
