task,Mean,Std
glass,0.5856746031746034,0.10603001895233058
mem,0.8782142857142856,0.10318751057013799
motor,0.7980357142857141,0.14613405605012936
semantic,0.6873214285714287,0.15464024022260153
