task,Mean,Std
glass,0.5902480158730159,0.10738332062896243
mem,0.8648214285714289,0.11463366269720522
motor,0.7949107142857141,0.13456154749754876
semantic,0.6872321428571428,0.13992504370963355
