task,Mean,Std
glass,0.593938492063492,0.09753990100034597
mem,0.6648214285714286,0.11760861241544224
motor,0.6918750000000001,0.10866362818767415
semantic,0.6833035714285713,0.11377120895469549
