task,Mean,Std
glass,0.5745833333333332,0.10259682405062535
mem,0.8949999999999999,0.10141723002258808
motor,0.79,0.1466163825647176
semantic,0.6584821428571427,0.13987630783483848
