task,Mean,Std
glass,0.5403769841269841,0.10787031886408337
mem,0.5193749999999999,0.10093230179409636
motor,0.5423214285714286,0.09057374838276208
semantic,0.5664285714285713,0.09529244120416556
