task,Mean,Std
glass,0.5872916666666669,0.10803203698770415
mem,0.8870535714285717,0.0993377012825639
motor,0.7947321428571427,0.1457626328311551
semantic,0.6617857142857142,0.14201289496965522
