task,Mean,Std
glass,0.5750198412698413,0.09783348758932849
mem,0.8880357142857143,0.11336858058975186
motor,0.7908035714285714,0.14951672690163006
semantic,0.6718749999999999,0.14376926748344818
