task,Mean,Std
glass,0.6017757936507936,0.11853148485882516
mem,0.8574107142857142,0.11719832092897677
motor,0.7926785714285716,0.14910632047366335
semantic,0.6883035714285715,0.15419372934341774
