task,Mean,Std
glass,0.5771825396825397,0.09687008998557983
mem,0.8885714285714281,0.10555788711634738
motor,0.7866071428571428,0.1491402852194023
semantic,0.6736607142857143,0.14570047442185366
