task,Mean,Std
glass,0.5811210317460318,0.09807579074531629
mem,0.8573214285714286,0.12401599708290675
motor,0.7613392857142858,0.16085140254688085
semantic,0.6657142857142857,0.14366130804281102
