task,Mean,Std
glass,0.6247619047619046,0.1145254130141875
mem,0.6752678571428571,0.13516797510322665
motor,0.7385714285714285,0.1319321943124721
semantic,0.6511607142857144,0.11863615527174816
