task,Mean,Std
glass,0.5419246031746032,0.09222136815265435
mem,0.5767857142857143,0.11283305677548004
motor,0.5713392857142858,0.11000616127963248
semantic,0.5791071428571429,0.09517499262295334
