task,Mean,Std
glass,0.5855853174603174,0.10707646552111473
mem,0.5687499999999999,0.09298704699629359
motor,0.6192857142857141,0.11950058414246188
semantic,0.5641071428571428,0.10536131402704926
