task,Mean,Std
glass,0.5848015873015874,0.0918234306057505
mem,0.8480357142857144,0.11233747278716832
motor,0.775089285714286,0.15582475900664994
semantic,0.6580357142857143,0.14468360016202306
