task,Mean,Std
glass,0.5761507936507938,0.10056283009251547
mem,0.8696428571428568,0.09939753583399405
motor,0.7778571428571428,0.16426933854014142
semantic,0.6684821428571428,0.13788967804621313
