task,Mean,Std
glass,0.5740873015873016,0.09720374592525513
mem,0.892232142857143,0.09613872383581562
motor,0.7891071428571429,0.15402805866835712
semantic,0.6608035714285715,0.14170320066223654
