task,Mean,Std
glass,0.5895039682539682,0.1100357394532823
mem,0.8664285714285717,0.11329251875209947
motor,0.7792857142857141,0.15977378488870547
semantic,0.6820535714285713,0.14436310528951352
