task,Mean,Std
glass,0.6225000000000002,0.09728566472593604
mem,0.7460714285714285,0.1288046945986417
motor,0.7091071428571428,0.13344085221161112
semantic,0.640982142857143,0.12527576723829256
