task,Mean,Std
glass,0.6408035714285713,0.10684139307032774
mem,0.619375,0.12902805367966935
motor,0.6230357142857145,0.11004411748116205
semantic,0.6154464285714285,0.09535234556734723
