task,Mean,Std
glass,0.5938194444444445,0.098035133221101
mem,0.8645535714285716,0.10832307227462207
motor,0.7898214285714286,0.15557507479061006
semantic,0.667232142857143,0.13285644899274193
