task,Mean,Std
glass,0.6185813492063489,0.09848600940041713
mem,0.7488392857142856,0.1326341210433238
motor,0.6994642857142858,0.1413656720945833
semantic,0.7162499999999998,0.11371915166121076
