task,Mean,Std
glass,0.5761011904761905,0.09969355352075819
mem,0.8949999999999998,0.09647891903510225
motor,0.7850000000000001,0.1531190861566727
semantic,0.6625892857142857,0.14318453151417945
