task,Mean,Std
glass,0.5787103174603175,0.09605747362666914
mem,0.8726785714285714,0.10545987727228644
motor,0.7733035714285716,0.1496610618750196
semantic,0.6525,0.14391285241738866
