task,Mean,Std
glass,0.5956746031746032,0.09781569020991769
mem,0.7978571428571429,0.10238011677903242
motor,0.7828571428571429,0.12181900561845893
semantic,0.647857142857143,0.12423532341655327
