task,Mean,Std
glass,0.5837896825396827,0.09582069787249935
mem,0.8672321428571431,0.10512295676473828
motor,0.7660714285714285,0.1478288761486626
semantic,0.6608035714285715,0.1384714502432452
