task,Mean,Std
glass,0.546825396825397,0.12785964502045
mem,0.5729464285714287,0.10925689820416286
motor,0.5581250000000001,0.11003124556234015
semantic,0.5876785714285715,0.11460193670311117
