task,Mean,Std
glass,0.5484920634920634,0.10164415571755415
mem,0.625267857142857,0.12008867800261429
motor,0.5975,0.10066144879111998
semantic,0.5480357142857144,0.13129660582550753
