task,Mean,Std
glass,0.5924206349206348,0.10522843669698112
mem,0.8839285714285712,0.1076429885641094
motor,0.7744642857142858,0.1570775100256054
semantic,0.6861607142857142,0.15136947894421834
