task,Mean,Std
glass,0.6102678571428573,0.11031477211057131
mem,0.8152678571428572,0.12602099263382902
motor,0.732589285714286,0.15246457433965252
semantic,0.6291964285714287,0.12185228309762558
