task,Mean,Std
glass,0.5771428571428572,0.09892233168313261
mem,0.8919642857142858,0.10299019622993502
motor,0.7867857142857143,0.15677264537432012
semantic,0.6627678571428571,0.14046002227375182
