task,Mean,Std
glass,0.5762698412698414,0.09444484339105959
mem,0.8755357142857145,0.11119057584095947
motor,0.7893749999999998,0.1591341986557829
semantic,0.6749999999999998,0.1503087731063203
