task,Mean,Std
glass,0.5983134920634922,0.09329376050711582
mem,0.8201785714285713,0.1253611665465908
motor,0.7586607142857141,0.12341537797001036
semantic,0.6598214285714284,0.12492894084134493
