task,Mean,Std
glass,0.5919345238095238,0.09768245991470513
mem,0.6233035714285714,0.10587418255867452
motor,0.634107142857143,0.13840029933906522
semantic,0.6347321428571429,0.10571152703490735
