task,Mean,Std
glass,0.5969047619047618,0.12148500607869286
mem,0.861785714285714,0.10304645277044437
motor,0.7940178571428572,0.15672332205298825
semantic,0.6732142857142858,0.1491260253227834
