task,Mean,Std
glass,0.6132341269841272,0.10255387060693048
mem,0.8084821428571429,0.13062061525605417
motor,0.7654464285714285,0.1276831190725849
semantic,0.7026785714285714,0.13972689038300357
