task,Mean,Std
glass,0.5876884920634922,0.10047741127819979
mem,0.6070535714285714,0.1216357333326709
motor,0.6330357142857144,0.10430583776667438
semantic,0.6068749999999997,0.10048773104667598
