task,Mean,Std
glass,0.5730357142857142,0.0854961727725997
mem,0.7128571428571432,0.11896851051226329
motor,0.6610714285714285,0.10747817658277635
semantic,0.6010714285714286,0.09587261570207857
