task,Mean,Std
glass,0.5623611111111111,0.06221196253799008
mem,0.6274999999999998,0.11108146069030109
motor,0.6110714285714284,0.0992916470244661
semantic,0.5683035714285715,0.09757177677677405
