task,Mean,Std
glass,0.5769047619047619,0.10498793993820209
mem,0.8802678571428574,0.10686618498620828
motor,0.7811607142857142,0.1568670284361555
semantic,0.6675892857142856,0.14456200642388273
