task,Mean,Std
glass,0.5825099206349208,0.10398825751024024
mem,0.6924999999999998,0.11435987853343413
motor,0.6542857142857141,0.10231159434620465
semantic,0.6708035714285714,0.10884842165187283
