task,Mean,Std
mem,0.8439285714285715,0.11452556001218199
mixed,0.6182142857142857,0.12359916361672209
motor,0.8009821428571425,0.1390108551773668
