task,Mean,Std
mem,0.8318749999999999,0.12355551751779807
mixed,0.6176785714285714,0.12370038688009713
motor,0.7837500000000001,0.14055814067171957
