,test_task,train_task,Mean,Std
0,mem,mixed,0.6030357142857143,0.11851228770748772
1,mem,motor,0.6216071428571427,0.13349193759398878
2,mixed,mem,0.6217857142857142,0.155459519932561
3,mixed,motor,0.5864285714285714,0.09880980023953405
4,motor,mem,0.7050000000000001,0.13551249523064784
5,motor,mixed,0.6250892857142857,0.11918469651392699
