task,Mean,Std
mem,0.5997098214285715,0.10343256231593737
mixed,0.5691964285714287,0.09293583703391717
motor,0.6120701058201058,0.09506229609366375
