,test_task,train_task,Mean,Std
0,mem,mixed,0.9309375000000001,0.06082670789100082
1,mem,motor,0.6257118055555556,0.12012264633526933
2,mixed,mem,0.8101562499999999,0.10562830193486424
3,mixed,motor,0.5725694444444444,0.10185793332012442
4,motor,mem,0.858732638888889,0.11689102193560041
5,motor,mixed,0.9176388888888889,0.08540222809958704
