task,Mean,Std
glass,0.6203075396825397,0.11048987540104103
mem,0.7184821428571431,0.14824095754381278
motor,0.6864285714285714,0.15934443620864008
semantic,0.7281250000000001,0.1434559244950423
