task,Mean,Std
mem,0.5088169642857144,0.08193762166028588
mixed,0.500267857142857,0.09194573321880062
motor,0.5247111992945326,0.08912942118418472
