mem,mixed,motor
85.7142857142857,85.7142857142857,85.7142857142857
