task,Mean,Std
mem,0.7184821428571428,0.143672353394347
mixed,0.6601785714285715,0.14221611047248509
motor,0.6987500000000001,0.1680022997678089
