task,Mean,Std
mem,0.7507142857142854,0.1465867058694694
mixed,0.6608928571428573,0.1426505811824414
motor,0.7365178571428571,0.17263971849663506
