task,Mean,Std
mem,0.7893750000000004,0.13389297795423982
mixed,0.7054464285714286,0.12705502310457423
motor,0.8294642857142858,0.10920655396344776
