task,Mean,Std
mem,0.888660714285714,0.10081256717938843
mixed,0.703392857142857,0.12812319051620566
motor,0.8249680335097002,0.14276293943034865
