task,Mean,Std
mem,0.9049999999999997,0.07236602866858974
mixed,0.7425,0.11616118565438102
motor,0.8174999999999999,0.17188965248547958
