task,Mean,Std
glass,0.5639186507936509,0.08398128029098968
mem,0.6044642857142856,0.12478956312502688
motor,0.7139285714285716,0.0917294157524494
semantic,0.5478571428571428,0.054337808224084655
