,test_task,train_task,Mean,Std
0,mem,mixed,0.7025,0.14118331088597996
1,mem,motor,0.65625,0.12583629336273663
2,mixed,mem,0.7039285714285716,0.1262850825629143
3,mixed,motor,0.6213392857142858,0.10713411760893052
4,motor,mem,0.7341071428571428,0.12547041354568284
5,motor,mixed,0.6997321428571428,0.12714136599884376
