,test_task,train_task,Mean,Std
0,mem,mixed,0.6463392857142856,0.12912816420985698
1,mem,motor,0.60875,0.12710500312018336
2,mixed,mem,0.6459821428571431,0.13161728141180307
3,mixed,motor,0.5991964285714285,0.12655497111645084
4,motor,mem,0.6658035714285713,0.1608748152099364
5,motor,mixed,0.6594642857142857,0.16330862742735855
