task,Mean,Std
mem,0.7867857142857139,0.15195522238603584
mixed,0.7302678571428572,0.15884360416590776
motor,0.7489285714285712,0.14820046094184933
