task,Mean,Std
mem,0.7889285714285713,0.126543971106397
mixed,0.6772321428571428,0.136794203900528
motor,0.7776785714285713,0.1406121819554967
