task,Mean,Std
mem,0.7017633928571428,0.098582215568839
mixed,0.5935714285714286,0.08454538472277522
motor,0.6631371252204585,0.10452329854324674
