,test_task,train_task,Mean,Std
0,mem,mixed,0.6513392857142858,0.12544281953952557
1,mem,motor,0.6370535714285716,0.12879432788793102
2,mixed,mem,0.665357142857143,0.12967041136826704
3,mixed,motor,0.6194642857142857,0.13177004271018566
4,motor,mem,0.6957142857142855,0.16180636174544774
5,motor,mixed,0.6637500000000001,0.16235553018551044
