task,Mean,Std
mem,0.7535714285714289,0.14512914087965767
mixed,0.6667857142857142,0.14664251080101556
motor,0.7380357142857142,0.16733384858753741
