task,Mean,Std
mem,0.7184821428571431,0.14824095754381278
mixed,0.6667857142857142,0.14664251080101556
motor,0.6864285714285714,0.15934443620864008
