task,Mean,Std
mem,0.9198437500000002,0.08594926572350163
mixed,0.7560714285714285,0.13350081472585676
motor,0.8927215608465608,0.08779174134656974
