task,Mean,Std
mem,0.9274999999999999,0.0638151112280832
mixed,0.7824999999999999,0.11271178895049556
motor,0.9049999999999999,0.08255779474818964
