,test_task,train_task,Mean,Std
0,mem,mixed,0.6908035714285713,0.13880587093201358
1,mem,motor,0.7105357142857143,0.14977764905300178
2,mixed,mem,0.7039285714285713,0.13186327038990836
3,mixed,motor,0.6512500000000001,0.13422250861231072
4,motor,mem,0.7248214285714287,0.1421105980492732
5,motor,mixed,0.6761607142857143,0.13647840678832873
