task,Mean,Std
mem,0.8533035714285709,0.10436507943366306
mixed,0.6858035714285717,0.1253641125453601
motor,0.7891071428571428,0.1542551226285301
