task,Mean,Std
mem,0.8647321428571424,0.10021984762083233
mixed,0.6858035714285717,0.1253641125453601
motor,0.8199107142857144,0.14240624051516257
