,Mean,Std
mixed,0.64375,0.15683817866104632
motor,0.6694444444444444,0.15922541783919747
mem,0.696875,0.12566785871608427
