,Mean,Std
mixed,0.78125,0.09234059624177068
motor,0.8155092592592593,0.09294081346198929
mem,0.7364583333333332,0.10540337296190304
