,test_task,train_task,Mean,Std
0,mem,mixed,0.4996428571428572,0.08946739956216222
1,mem,motor,0.5083531746031745,0.07718759864641718
2,mixed,mem,0.5001785714285713,0.08620516903777388
3,mixed,motor,0.5078472222222222,0.07610613878176553
4,motor,mem,0.5024627976190477,0.07434281134875388
5,motor,mixed,0.5080257936507937,0.08417540339646061
