task,Mean,Std
mem,0.6947991071428572,0.14314185128779564
mixed,0.6414285714285713,0.13501082207705453
motor,0.7857220017636688,0.11833829938032006
